AW.UN,"A&W Revenue Rylty Un"
FAP,"Aberdeen Asia-Pacifc"
AAB,"Aberdeen Int'l. J"
ABT,"Absolute Software J"
ADN,"Acadian Timber Corp."
AEF,"Acasta Entrpr Cl B"
AEF.WT,"Acasta Entrpr Wt"
ACD,"Accord Financial"
ASP,"Acerus Pharma Corp J"
DRX,"ADF Group Inc. SV"
AAV,"Advantage Oil & Gas"
AHY.UN,"Advntg Cdn HiYld Bnd"
ARE,"Aecon Group Inc."
ARE.DB.B,"Aecon Group 5.5% Deb"
AEZS,"AEterna Zentaris Inc"
AOI,"Africa Oil Corp. J"
AFN,"Ag Growth Int'l Inc."
AFN.DB.A,"Ag Growth IntlConvDb"
AFN.DB.B,"Ag Growth Intl ExtDb"
AFN.DB.C,"Ag Growth Intl2020Db"
AFN.DB.D,"AG Growth Intl4.85Db"
ACR.UN,"Agellan Commercl Un"
AGF.B,"AGF Management B NV"
AJX,"AgJunction Inc."
AEM,"Agnico Eagle Mines"
AGU,"Agrium Inc."
AGT,"AGT Food&Ingredients"
AIM,"Aimia Inc."
AIM.PR.A,"Aimia Inc. Ser 1 Pr"
AIM.PR.B,"Aimia Inc. Ser 2 Pr"
AIM.PR.C,"Aimia Inc. Ser 3 Pr"
AC,"Air Canada Vote & VV"
BOS,"Airboss of America J"
AKT.A,"Akita Drill Cl A NV"
AKT.B,"Akita Drilling Cl B"
ASR,"Alacer Gold Corp. J"
AGI,"Alamos Gold Inc. J"
AGI.WT,"Alamos Gold Inc Wt J"
AGI.WT.A,"Alamos Gold Wt A J"
AD,"Alaris Royalty Corp."
AF,"AlarmForce Ind J"
IRON,"Alderon Iron Ore J"
AXR,"Alexco Resource J"
ALC,"Algoma Central Corp"
ALC.DB.A,"Algoma Centrl 5.25Db"
AQN,"Algonquin Pwr & Util"
AQN.PR.A,"Algonquin Pwr A Pr"
AQN.PR.D,"Algonquin Pwr D Pr"
AQY.A,"Alignvest AcquisA RV"
AQY.WT,"Alignvest AcquisJ Wt"
ATD.A,"Alimentation Cl A MV"
ATD.B,"Alimentation Cl B SV"
ALO,"Alio Gold Inc. J"
ALO.WT,"Alio Gold J Wt"
ALO.WT.A,"Alio Gold J Wt A"
ABK.A,"Allbanc Split A Cap"
ABK.PR.C,"Allbanc Split Pr C"
ALB,"Allbanc Splt 2 Cap A"
ALB.PR.C,"Allbanc Splt II Pr 2"
AP.UN,"Allied Prop. REIT Un"
AMM,"Almaden Minerals"
ALA,"AltaGas Ltd."
ALA.PR.A,"AltaGas Ltd Sr A Pr"
ALA.PR.B,"AltaGas Ltd Sr B Pr"
ALA.PR.E,"AltaGas Ltd Sr E Pr"
ALA.PR.G,"AltaGas Ltd Sr G Pr"
ALA.PR.I,"AltaGas Ltd Sr I Pr"
ALA.PR.K,"AltaGas Ltd Sr K Pr"
ALA.PR.U,"AltaGas Ltd C Pr USF"
ALA.R,"AltaGas Ltd Subs Rec"
AXY,"Alterra Power Corp J"
ALS,"Altius Minerals Corp"
ALS.PR.A,"Altius Minerals Pr"
AIF,"Altus Group Limited"
ACZ.UN,"Americn CoreSecDivUn"
HOT.DB.U,"American Hotl Deb US"
HOT.UN,"American Hotl LP Un"
USA,"Americas Silver J"
ARG,"Amerigo Resources J"
ANX,"Anaconda Mining J"
ADW.A,"Andrew Peller A NV"
ADW.B,"Andrew Peller Ltd. B"
APY,"Anglo Pacific Ord"
APH,"Aphria Inc. J"
APS,"Aptose Biosciences"
AQA,"Aquila Resources J"
ARZ,"Aralez PharmaceutclJ"
ARX,"ARC Resources Ltd."
RGX,"Argex Titanium Inc J"
AR,"Argonaut Gold Inc. J"
ATZ,"Aritzia Inc. SV"
AZ,"Arizona Mining Inc J"
AX.PR.A,"Artis REIT Ser A Pr"
AX.PR.E,"Artis REIT Ser E Pr"
AX.PR.G,"Artis REIT Ser G Pr"
AX.PR.U,"Artis REIT Pr C US"
AX.UN,"Artis REIT Un"
AKG,"Asanko Gold Inc. J"
ASND,"Ascendant Res J"
ASND.WT,"Ascendant Res J Wt"
AYM,"Atalaya Mining Ord J"
ACO.X,"ATCO Ltd. Cl I NV"
ACO.Y,"ATCO Ltd. Cl II"
ATH,"Athabasca Oil Corp J"
ATP,"Atlantic Power"
ATP.DB.D,"Atlantic Pwr 6% Db D"
ATP.DB.U,"Atlantic Pwr5.75USDb"
AZP.PR.A,"Atlantic Pwr Eq Pr 1"
AZP.PR.B,"Atlantic Pwr Eq Pr 2"
AZP.PR.C,"Atlantic Pwr Eq Pr 3"
ATL,"Atlatsa Res Corp. J"
AI,"Atrium Mtg Invest"
AI.DB,"Atrium Mtg Inv5.25Db"
AI.DB.A,"Atrium Mtg Inv6.25Db"
AI.DB.B,"Atrium Mtg Inv 5.5Db"
AI.DB.C,"Atrium Mtg Inv 5.3Db"
ATA,"ATS Automation Tool"
ORA,"Aura Minerals Inc. J"
AMI,"AuRico Metals Inc. J"
AUP,"Aurinia Pharma Inc J"
ACB,"Aurora Cannabis J"
AUG,"Auryn Resources J"
AUI.UN,"Australia BncIncm Un"
HRR.UN,"Australian REIT A Un"
ACQ,"AutoCanada Inc."
APR.UN,"Automotive Ppty Un"
AVL,"Avalon Advncd Mtrl J"
AVP,"Avcorp Industries"
ASO,"Avesoro Res Inc. J"
AVO,"Avigilon Corporation"
AZZ,"Azarga Uranium A J"
ABX,"Barrick Gold Corp"
ADC.UN,"1st Asset CdnConv Un"
AUMN,"Golden Minerals J"
AOG.UN,"LOGiQ Advan O&G Un"
AV.UN,"LOGiQ Advan VIP Un"
AAR.UN,"Pure Industrial Un"
BOS,"Airboss of America J"
BTO,"B2Gold Corp. J"
BAD,"Badger Daylighting "
BLDP,"Ballard Power Sys"
BAR,"Balmoral Resources J"
BMO,"Bank of Montreal"
BMO.PR.A,"Bk of Mon Pr Ser 26"
BMO.PR.B,"Bk of Mon Pr Ser 38"
BMO.PR.C,"Bk of Mon Pr Ser 40"
BMO.PR.D,"Bk of Mon Pr Ser 42"
BMO.PR.M,"Bk of Mon Pr Ser 16"
BMO.PR.Q,"Bk of Mon Pr Ser 25"
BMO.PR.R,"Bk of Mon Pr Ser 17"
BMO.PR.S,"Bk of Mon Pr Ser 27"
BMO.PR.T,"Bk of Mon Pr Ser 29"
BMO.PR.W,"Bk of Mon Pr Ser 31"
BMO.PR.Y,"Bk of Mon Pr Ser 33"
BMO.PR.Z,"Bk of Mon Pr Ser 35"
BNS,"Bank of Nova Scotia"
BNS.PR.A,"Bank of N S Sr 19 Pr"
BNS.PR.B,"Bank of N S Sr 21 Pr"
BNS.PR.C,"Bank of N S Sr 23 Pr"
BNS.PR.D,"Bank of N S Sr 31 Pr"
BNS.PR.E,"Bank of N S Sr 34 Pr"
BNS.PR.F,"Bank of N S Sr 33 Pr"
BNS.PR.G,"Bank of N S Sr 36 Pr"
BNS.PR.H,"Bank of N S Sr 38 Pr"
BNS.PR.P,"Bank of N S Sr 18 Pr"
BNS.PR.Q,"Bank of N S Sr 20 Pr"
BNS.PR.R,"Bank of N S Sr 22 Pr"
BNS.PR.Y,"Bank of N S Sr 30 Pr"
BNS.PR.Z,"Bank of N S Sr 32 Pr"
BAA,"Banro Corporation J"
BXS.DB.C,"Barclays Bank NtI-28"
ABX,"Barrick Gold Corp"
BYL,"Baylin Tech Inc. J"
BTE,"Baytex Energy Corp."
BCE,"BCE Inc."
BCE.PR.A,"BCE Inc. Pr Ser AA"
BCE.PR.B,"BCE Inc. Pr Ser AB"
BCE.PR.C,"BCE Inc. Pr Ser AC"
BCE.PR.D,"BCE Inc. Pr Ser AD"
BCE.PR.E,"BCE Inc. Pr Ser AE"
BCE.PR.F,"BCE Inc. Pr Ser AF"
BCE.PR.G,"BCE Inc. Pr Ser AG"
BCE.PR.H,"BCE Inc. Pr Ser AH"
BCE.PR.I,"BCE Inc. Pr Ser AI"
BCE.PR.J,"BCE Inc. Pr Ser AJ"
BCE.PR.K,"BCE Inc. Pr Ser AK"
BCE.PR.L,"BCE Inc. Pr Ser AL"
BCE.PR.M,"BCE Inc. Pr Ser AM"
BCE.PR.N,"BCE Inc. Pr Ser AN"
BCE.PR.O,"BCE Inc. Pr Ser AO"
BCE.PR.Q,"BCE Inc. Pr Ser AQ"
BCE.PR.R,"BCE Inc. Pr Ser R"
BCE.PR.S,"BCE Inc. Pr Ser S"
BCE.PR.T,"BCE Inc. Pr Ser T"
BCE.PR.Y,"BCE Inc. Pr Series Y"
BCE.PR.Z,"BCE Inc. Pr Series Z"
BEK.B,"Becker Milk Cl B NV"
BXE,"Bellatrix Expl Ltd."
BXE.DB,"Bellatrix Expl Deb"
BLU,"BELLUS Health Inc."
BSX,"Belo Sun Mining J"
BNG,"Bengal Energy Ltd. J"
HGD,"BetaProCdnGldMn-2xBr"
HGU,"BetaProCdnGldMnr2xBl"
HOD,"BetaPro CrdOil-2x Br"
HOU,"BetaPro CrudeOil2xBl"
HBD,"BetaPro GldBul-2x Br"
HBU,"BetaPro GldBul 2x Bl"
HQD,"BetaProNSDQ100 -2xBr"
HQU,"BetaProNASDQ100 2xBl"
HND,"BetaProNatGas -2x Br"
HNU,"BetaPro NatGas 2xBul"
HSD,"BetaPro S&P500 -2xBr"
HSU,"BetaPro S&P500 2x Bl"
HIU,"BetaProSP500DlyInvrs"
HVU,"BetaPro500 STFutr 2x"
HVI,"BetaPr500 ST DlyFutr"
HUV,"BetaProSP500 ST Futr"
HXD,"BetaProS&PTSX60-2xBr"
HXU,"BetaProS&PTSX60 2xBl"
HIX,"BetaPro60 DailyInvrs"
HED,"BetaProS&PTSXEngy-2x"
HEU,"BetaProS&PTSX Engy2x"
HFD,"BetaProSPTSX Fin -2x"
HFU,"BetaProSPTSXFin 2xBl"
HZD,"BetaPro Slvr -2DlyBr"
HZU,"BetaPro Slvr 2xDlyBl"
BIG.D,"Big 8 Split Cl D Cap"
BIG.PR.D,"Big 8 Split Inc Pr D"
BR,"Big Rock Brewery Inc"
BIOA,"BioAmber Inc. J"
BIR,"Birchcliff Energy"
BIR.PR.A,"Birchcliff Engy Pr A"
BIR.PR.C,"Birchcliff Engy Pr C"
BDT,"Bird Construction "
BDI,"Black Diamond Group"
BKI,"Black Iron Inc. J"
BB,"BlackBerry Limited"
BB.DB.V,"BlackBerry 3.75Db US"
PXX,"BlackPearl Res Inc J"
BLB.UN,"Bloom Select Incm Un"
BUA.UN,"Bloom US Incm&Gro Un"
RBN.UN,"Blue Ribbon Incm Un"
ZAG,"BMO AggregateBnd ETF"
ZDV,"BMO Cdn Dividend Un"
ZWC,"BMO Cdn HiDivCovCall"
ZCH,"BMO China Eq Idx ETF"
ZWB,"BMO Coverd CallCdnBk"
ZWA,"BMO DJ IndustAvg Un"
ZWU,"BMO CoverdUtility Un"
ZDB,"BMO Discount Bnd Un"
ZDJ,"BMO DJ IndAv Heg ETF"
ZEF,"BMO Em Mkt Bond HED"
ZEB,"BMO Eql Wgt Bank ETF"
ZMT,"BMO EqWgtGlbMtlHegCA"
ZGD,"BMO EqWght Glb Gold"
ZIN,"BMO EqWgtIndustrl Un"
ZEO,"BMO Eq WghtOil & Gas"
ZRE,"BMO Eql Wgt REITs Un"
ZUB,"BMO Eq Wgt US Banks"
ZBK,"BMO EqlWght US BkCAD"
ZUH,"BMO EqWgt US Health"
ZUT,"BMO Eql Wgt Util ETF"
ZWE,"BMO EU DivCovCal C-H"
ZFH,"BMO Fltg RtHi Yld Un"
BANK,"BMO Glbl BanksHegCAD"
DISC,"BMO Glbl ConsmrDiscr"
STPL,"BMO Glbl Consmr Stpl"
ZGI,"BMO Gbl Infrastr ETF"
INSR,"BMO GlblInsuranceHeg"
ZHY,"BMO HY US CrpHdg ETF"
ZJK,"BMO HiYldUS CorpBnd"
ZID,"BMO India Eq Idx ETF"
ZDI,"BMO Int'l Div CAD Un"
ZDH,"BMO Intl DivHg-CA Un"
ZJN,"BMO Junior Gas ETF"
ZJG,"BMO Junior Gold ETF"
ZJO,"BMO Junior Oil ETF"
ZPR,"BMO Laddered Pr Indx"
ZLC,"BMO Long Crp Bnd ETF"
ZFL,"BMO Lng Federal Bond"
ZPL,"BMO LngProvBndCad Un"
ZLB,"BMO Volatlty Cad Un"
ZLE,"BMO LwVoltyEqCAD Un"
ZLI,"BMO LowVolIntl Eq Un"
ZLD,"BMO LwVol IntlEq H-C"
ZLU,"BMO LwVltyUSEq CADUn"
ZLU.U,"BMO LwVltyUSEq US Un"
ZLH,"BMO LowVol US Eq H-C"
ZCM,"BMO Mid Crp Bond ETF"
ZFM,"BMO Mid Fed Bnd Indx"
ZMP,"BMO MidProvBnd CadUn"
ZMU,"BMO MidUS IG HegBnd"
ZIC,"BMO MidUSCrpBndCA Un"
ZIC.U,"BMO MidUS CrpBnd USF"
ZMI,"BMO Monthly Incm Un"
ZGQ,"BMO MSCI AllCntryWrl"
ZVC,"BMO MSCI CdaValue Un"
ZDM,"BMO MSCI EAFE HegCAD"
ZEA,"BMO MSCI EAFE Idx Un"
ZVI,"BMO MSCI EAFE Val Un"
ZEM,"BMO MSCI EmrgMkts Un"
ZEQ,"BMO MSCI EU HiQltyUn"
ZUQ,"BMO MSCI US HiQltyUn"
ZVU,"BMO MSCI USAValue Un"
ZQQ,"BMO Nasdaq EqHed ETF"
ZRR,"BMO Rl Return Bond"
ZUE,"BMO S&P 500 Hedg-CAD"
ZSP,"BMO S&P500 IdxCAD Un"
ZSP.U,"BMO S&P500 Idx US Un"
ZCN,"BMO S&P/TSX CompIndx"
ZEUS,"BMO Shiller Selct US"
ZCS,"BMO Shrt Crp Bnd ETF"
ZCS.L,"BMO Sh Corp BndAccum"
ZFS,"BMO Shrt Fed Bnd ETF"
ZFS.L,"BMO ShFedrlBnd Accum"
ZPS,"BMO Shrt Prv Bnd ETF"
ZPS.L,"BMO ShProv Bnd Accum"
ZSU,"BMO Sh-Trm US CrpBnd"
ZST,"BMO Ultra ShrtBnd Un"
ZST.L,"BMO UltraSh BndAccum"
ZDY,"BMO USDiv ETF CAD Un"
ZDY.U,"BMO USDiv ETF USD Un"
ZUD,"BMO USDiv Hdg-Cad Un"
ZWH,"BMO US HighDivCov Un"
ZWH.U,"BMO US HighDivCov US"
ZHP,"BMO US PrefShr Hg-CA"
ZUP,"BMO US PrefShr CA Un"
ZUP.U,"BMO US PrefShr USD"
ZPW,"BMO US Put Write CAD"
ZPW.U,"BMO US Put Write USD"
ZPH,"BMO US PutWrte Hg-CA"
GBT,"BMTC Group Inc."
BKX,"BNK Petroleum Inc. J"
BSC,"BNS Split Corp. II A"
BSC.PR.C,"BNS Split II Pr 2"
BEI.UN,"Boardwalk REIT Un"
BBD.A,"Bombardier Cl A MV"
BBD.B,"Bombardier Cl B SV"
BBD.PR.B,"Bombardier Ser 2 Pr"
BBD.PR.C,"Bombardier 6.25% Pr"
BBD.PR.D,"Bombardier Ser 3 Pr"
BNP,"Bonavista Energy "
BNE,"Bonterra Energy Corp"
BLX,"Boralex Inc. Cl A"
BLX.DB.A,"Boralex Inc 4.5% Deb"
BPF.UN,"Boston Pizza Fnd Un"
BYD.DB.A,"Boyd Grp Fnd 5.25 DB"
BYD.UN,"Boyd Group Fnd Tr Un"
BOY,"Boyuan Constr J"
BOY.DB.A,"Boyuan Constr Deb J"
BBL.A,"Brampton Brick A SV"
HBL.UN,"Brand Leaders Fnd Un"
HBF,"Brand Lead+Incm A Un"
HBF.U,"Brand Lead+IncmUS Un"
BRY,"Bri-Chem Corp."
BRB,"Brick Brewing"
BRIO,"Brio Gold Inc. J"
LCS,"Brompton Life Splt A"
LCS.PR.A,"Brompton LifeSplt Pr"
OSP,"Brompton Oil Splt A"
OSP.PR.A,"Brompton Oil Splt Pr"
SBC,"Brompton Splt Banc A"
SBC.PR.A,"Brompton Splt Bnc Pr"
BAM.A,"Brookfld Asset A LV"
BAM.PF.A,"Brookfld Asset Pr 32"
BAM.PF.B,"Brookfld Asset Pr 34"
BAM.PF.C,"Brookfld Asset Pr 36"
BAM.PF.D,"Brookfld Asset Pr 37"
BAM.PF.E,"Brookfld Asset Pr 38"
BAM.PF.F,"Brookfld Asset Pr 40"
BAM.PF.G,"Brookfld Asset Pr 42"
BAM.PF.H,"Brookfld Asset Pr 44"
BAM.PF.I,"Brookfld Asset Pr 46"
BAM.PF.J,"Brookfld Asset Pr 48"
BAM.PR.B,"Brookfld Asset Pr 2"
BAM.PR.C,"Brookfld Asset Pr 4"
BAM.PR.E,"Brookfld Asset Pr 8"
BAM.PR.G,"Brookfld Asset Pr 9"
BAM.PR.K,"Brookfld Asset Pr 13"
BAM.PR.M,"Brookfld Asset Pr 17"
BAM.PR.N,"Brookfld Asset Pr 18"
BAM.PR.R,"Brookfld Asset Pr 24"
BAM.PR.S,"Brookfld Asset Pr 25"
BAM.PR.T,"Brookfld Asset Pr 26"
BAM.PR.X,"Brookfld Asset Pr 28"
BAM.PR.Z,"Brookfld Asset Pr 30"
BBU.UN,"Brookfield Bus LP Un"
BGI.UN,"Brkfld GlbInfras Sec"
BIP.PR.A,"Brookfield InfrasPr1"
BIP.PR.B,"Brookfield InfrasPr3"
BIP.PR.C,"Brookfield InfrasPr5"
BIP.PR.D,"Brookfield InfrasPr7"
BIP.UN,"Brookfield Infras Un"
BPO.PR.A,"Brookfld Office PrAA"
BPO.PR.C,"Brookfld Office PrCC"
BPO.PR.E,"Brookfld Office PrEE"
BPO.PR.G,"Brookfld Office PrGG"
BPO.PR.N,"Brookfld Office Pr N"
BPO.PR.P,"Brookfld Office Pr P"
BPO.PR.R,"Brookfld Office Pr R"
BPO.PR.S,"Brookfld Office Pr S"
BPO.PR.T,"Brookfld Office Pr T"
BPO.PR.W,"Brookfld Office Pr W"
BPO.PR.X,"Brookfld Office Pr V"
BPO.PR.Y,"Brookfld Office Pr Y"
BPY.UN,"Brookfld Ppty LP Un"
BPS.PR.A,"Brookfld Ppty Pr 2"
BPS.PR.B,"Brookfld Ppty Pr 3"
BPS.PR.C,"Brookfld Ppty Pr 4"
BPS.PR.U,"Brookfld Pty Pr 1 US"
BRE,"Brookfield Rl Est RV"
BEP.PR.E,"Brookfield Renew Pr5"
BEP.PR.G,"Brookfield Renew Pr7"
BEP.PR.I,"Brookfield Renew Pr9"
BEP.PR.K,"Brookfield RenewPr11"
BEP.UN,"Brookfield Renew Un"
BRF.PR.A,"Brookfld Renew Pr 1"
BRF.PR.B,"Brookfld Renew Pr 2"
BRF.PR.C,"Brookfld Renew Pr 3"
BRF.PR.E,"Brookfld Renew Pr 5"
BRF.PR.F,"Brookfld Renew Pr 6"
BSO.UN,"Brookfld Selct Oppor"
BSE.UN,"Brookfld Snd Eqty Un"
BSD.PR.A,"Brookfield Sndvst Pr"
BSD.UN,"Brookfld Sndvest Cap"
DOO,"BRP Inc. SV"
GPS,"BSM Tech Inc. J"
BTB.DB.E,"BTB REIT 6.9% E Deb"
BTB.DB.F,"BTB REIT 7.15% F Deb"
BTB.UN,"BTB REIT Un"
BUI,"Buhler Industries"
BU,"Burcon NutraSci J"
BK,"Cdn Banc Corp Cl 'A'"
BK.PR.A,"Cdn Banc Corp. Pr"
BCB,"Cott Corporation"
BXF,"1stAst 1-5GvtStBndUn"
BCI,"New Look Vision J"
BKL.C,"PowerShare SnrLoanCA"
BKL.F,"PwrShr SrLoan CAheg)"
BKL.U,"PowerShare SnrLoanUS"
BNC,"Purpose Cdn Fin Incm"
BND,"Purpose TacInvestBnd"
CAE,"CAE Inc."
CWL,"Caldwell Partners"
UDA.UN,"Caldwell US Div Un"
CAL,"Caledonia Mining Plc"
CFW,"Calfrac Well Serv"
CGY,"Calian Group Ltd."
CBL,"Callidus Cap Corp"
CCO,"Cameco Corporation"
CGAC.UN,"Canaccord Acq J A Un"
CF,"Canaccord Genuity"
CF.PR.A,"Canaccord Gen A Pr"
CF.PR.C,"Canaccord Gen C Pr"
CNE,"Canacol Energy J"
GOOS,"Cda Goose Hldgs SV"
CPF.UN,"Cdn 50 Advan Pref Un"
CAR.UN,"Cdn Apartment Tr Un"
BK,"Cdn Banc Corp Cl 'A'"
BK.PR.A,"Cdn Banc Corp. Pr"
CCI.UN,"Cdn Convert Plus Un"
CCX,"Cdn Crude Oil Idx Un"
CGI,"Canadian General Inv"
CGI.PR.D,"Cdn General 3.75% Pr"
CIQ.UN,"Cdn High Incm Eq Un"
CM,"Cdn Imperial Bank"
CM.PR.O,"Cdn Imp Bk Ser 39 Pr"
CM.PR.P,"Cdn Imp Bk Ser 41 Pr"
CM.PR.Q,"Cdn Imp Bk Ser 43 Pr"
CM.PR.R,"Cdn Imp Bk Ser 45 Pr"
RIGP.UN,"Cdn Invest GrdPref T"
LFE,"Cdn Life Co Split A"
LFE.PR.B,"Cdn Life CoSplt Pr12"
CNR,"Cdn Nat'l Railway"
GAS,"Cdn Natrl Gas Idx A"
CNQ,"Canadian Natural Res"
CP,"Cdn Pacific Railway"
PFT.UN,"Cdn Preferred Shr Un"
REF.UN,"Cdn Real Estate Un"
RTU.UN,"Cdn Resources Tr Un"
CTC,"Canadian Tire Corp"
CTC.A,"Canadian Tire A NV"
UTE.UN,"Cdn Util & Tel FndUn"
CU,"Cdn Utilities A NV"
CU.PR.C,"Cdn Util 2nd Pr Y"
CU.PR.D,"Cdn Util 2nd Pr AA"
CU.PR.E,"Cdn Util 2nd Pr BB"
CU.PR.F,"Cdn Util 2nd Pr CC"
CU.PR.G,"Cdn Util 2nd Pr DD"
CU.PR.H,"Cdn Util 2nd Pr EE"
CU.PR.I,"Cdn Util 2nd Pr FF"
CU.X,"Cdn Utilities Cl B"
CWB,"Cdn Wstrn Bank"
CWB.PR.B,"Cdn Wstrn Bk Sr 5 Pr"
CWB.PR.C,"Cdn Wstrn Bk Sr 7 Pr"
CWF,"Cdn World Fund Ltd"
CZN,"Cdn Zinc Corp. J"
CCM,"Canarc Resource J"
DNT,"Candente Copper J"
CFP,"Canfor Corporation"
CFX,"Canfor Pulp Products"
ICE,"Canlan Ice Sports"
CMED,"CanniMed TherapeutcJ"
EIT.PR.A,"Canoe EIT Incm4.8 Pr"
EIT.UN,"Canoe EIT Income Un"
WEED,"Canopy Grwth Corp J"
PBY.UN,"Canso Credit A Un"
SCW.UN,"Canso Slct Oppor Un"
CWX,"CanWel Building Grp"
CPX,"Capital Power Corp."
CPX.PR.A,"Capital Pwr Ser 1 Pr"
CPX.PR.C,"Capital Pwr Ser 3 Pr"
CPX.PR.E,"Capital Pwr Ser 5 Pr"
CPX.PR.G,"Capital Pwr Ser 7 Pr"
CPX.PR.I,"Capital Pwr Ser 9 Pr"
CSE.PR.A,"Capstone Infr Pr A"
CS,"Capstone Mining J"
CARA,"Cara Operations SV"
CJ,"Cardinal Energy J"
CJ.DB,"Cardinal Engy J Deb"
CDV,"Cardinal Res J Ord"
COM,"Cardiome Pharma Corp"
CJT,"Cargojet Inc."
CJT.A,"Cargojet Inc. VV"
CJT.DB.C,"Cargojet Inc 4.65%Db"
CUP.U,"Caribbean Ut Cl A US"
CMH,"Carmanah Tech Corp."
CAS,"Cascades Inc."
CET,"Cathedral Engy Serv"
CCL.A,"CCL Industries Cl A"
CCL.B,"CCL Industries Cl B"
CLS,"Celestica Inc SV"
CVE,"Cenovus Energy Inc."
CEE,"Centamin plc. Ord"
CG,"Centerra Gold Inc."
CEF.A,"Central Fund Cl A NV"
CEF.U,"Central Fund A NV US"
CHH,"Centric Health J"
CNT,"Century Glbl Cmdty J"
CQE,"Cequence Energy Ltd."
CRP,"Ceres Global Ag Corp"
CERV,"Cervus Equipment"
CEU,"CES Energy Solutn"
GIB.A,"CGI Group Cl A SV"
CXN,"Chalice Gold Ord J"
CIA,"Champion Iron Ord J"
CSH.UN,"Chartwell Retire Un"
CHE.DB.B,"Chemtrade Lgst5.25Db"
CHE.DB.C,"Chemtrade Lgst 5% Db"
CHE.DB.D,"Chemtrade Lgst4.75Db"
CHE.UN,"Chemtrade Logistc Un"
CHW,"Chesswood Group Ltd."
CHW.DB,"Chesswood Grp 6.5 Db"
CGG,"China Gld Intl Res J"
CKE,"Chinook Energy Inc."
CHP.UN,"Choice Ppty REIT Un"
CHR,"Chorus Aviation V&VV"
CIX,"CI Financial Corp."
MBA,"CIBT Education Grp J"
CGX,"Cineplex Inc."
CGX.DB.A,"Cineplex Inc 4.5% Db"
CPH,"Cipher Pharma J"
CTF.UN,"Citadel Incm Fund Un"
CVG,"Clairvest Group Inc"
CKI,"Clarke Inc."
CSM,"ClearStream Energy"
CSM.DB.A,"Clearstream 10% Deb"
CLR,"Clearwater Seafoods"
CNU,"CNOOC Limited ADRs"
CCS.PR.C,"Co-operators Sr C Pr"
CCA,"Cogeco Commun Inc SV"
CGO,"Cogeco Inc. SV"
GCL,"Colabor Group Inc."
GCL.DB.A,"Colabor Grp 6% Deb"
CIGI,"Colliers Intl Grp SV"
CGT,"Columbus Gold Corp J"
CUF.UN,"Cominar Real Est Un"
YCM,"Commerce Split Cap"
YCM.PR.A,"Commerce Split I Pr"
YCM.PR.B,"Commerce Split II Pr"
CMG,"Computer Modelling J"
CONA,"Cona Resources Ltd."
CXR,"Concordia Int'l J"
CPI,"Condor Petroleum J"
CFF,"Conifex Timber Inc."
CSU,"Constellation Softwr"
CSU.DB,"Constellation Deb 1"
CNL,"Continental Gold J"
CNL.WT.A,"Continental A Wt J"
CMMC,"Copper Mountain J"
CSW.A,"Corby Spirit&Wine A"
CSW.B,"Corby Spirit&Wn B NV"
CDD.UN,"Core Cdn Dividend Un"
COP,"Coro Mining Corp. J"
CDH,"Corridor Resources"
CJR.B,"Corus Entertnmnt B"
KOR,"Corvus Gold Inc. J"
BCB,"Cott Corporation"
PATH,"CounterPath Corp. J"
PMTS,"CPI Card Group Inc."
CPG,"Crescent Point Corp."
CTX,"Crescita Therpeutc J"
CR,"Crew Energy Inc."
CRH,"CRH Medical Corp. J"
CCZ,"Critical Control J"
CCZ.PR.A,"Critical Control Pr"
KWH.UN,"Crius Energy Tr Un"
CRR.DB.E,"Crombie REIT 5.25 Db"
CRR.UN,"Crombie Real Est Un"
CWI,"Crosswinds Hldgs J"
CRWN,"Crown Cap Partners J"
CRT.UN,"CT Rl Est Invest Un"
CIU.PR.A,"CU Inc. Pr Ser 1"
CIU.PR.C,"CU Inc. Pr Ser 4"
CXI,"Currency Exch Intl J"
CYB,"Cymbria Corp Cl A NV"
CAPS,"Evolve Actv US EqHeg"
CAPS.B,"EvolveActvUS EqUnheg"
CARS,"Evolve AutoInnov Heg"
CARS.B,"Evolve AutoInnovUnHg"
CYBR,"Evolve CybrSec Heg"
CYBR.B,"Evolve CybrSecUn-Heg"
CALL,"EvolveUS BkEnhYldHeg"
CALL.B,"EvolveUS BkEnhYldUhg"
CXF,"1st Asset ConvBnd Un"
CIC,"1st Ast CanBanc Incm"
CED,"1st AstCoreCdn Eq Un"
CSY,"First AsstCoreCdn Eq"
CES,"1st AstCoreUSEqtC$Un"
CES.B,"1st AstCoreUSEqC$U-H"
CES.U,"1st AstCoreUS$U-H Un"
CAN,"Horizn CdnDolr Cur A"
CBH,"iShre 1-10CorpBnd Un"
CBH.A,"iShre 1-10CorpBnd Ad"
CLG,"iShre 1-10GovtBnd Un"
CLG.A,"iShre 1-10GovtBnd Ad"
CBO,"iShre 1-5 CorpBnd Un"
CBO.A,"iShre 1-5CorpBnd Ad"
CLF,"iShre 1-5 GovtBnd Un"
CLF.A,"iShre 1-5 GovtBnd Ad"
CBN,"iShares GrowCore Un"
CBN.A,"iShares GrowCore Adv"
CBD,"iShares IncmCore Un"
CBD.A,"iShares IncmCore Adv"
CVD,"iShares ConvBond Un"
CVD.A,"iShares ConvBond Adv"
CEW,"iShares EqWeight Un "
CEW.A,"iShares EqWeight Adv"
COW,"iShares GlblAgri Un"
COW.A,"iShares GlblAgri Adv"
CIF,"iShares GlbInfras Un"
CIF.A,"iShare GlbInfras Adv"
CYH,"iShares GlblMoDiv Un"
CYH.A,"iShares GlblMoDiv Ad"
CGR,"iShares GlblRlEst Un"
CGR.A,"iShare GlblRlEst Adv"
CWW,"iShares GlblWater Un"
CWW.A,"iShares GlbWater Adv"
CGL,"iShare GldBulHdgd Un"
CGL.C,"iShare GldBul Nn-Hdg"
CMR,"iShares MoneyMkt Un"
CMR.A,"iShares MoneyMkt Adv"
CDZ,"iShr CdnDivAristo Un"
CDZ.A,"iShare CdnDivAristAd"
CPD,"iShares CdnPref Un"
CPD.A,"iShares CdnPref Adv"
CSD,"iShr ShDuratn HighUn"
CSD.A,"iShr ShDuratn HighAd"
CHB,"iShr US HiYldIncm Un"
CHB.A,"iShr US HiYldIncm Ad"
CUD,"iShare US DivGrow Un"
CUD.A,"iShare US DivGro Adv"
CBT.UN,"June 2020CorpBnd 'T'"
CAGG,"WisdomTreeCA BndNN-H"
CAGS,"WisdomTreeCA STBndNH"
DRX,"ADF Group Inc. SV"
DISC,"BMO Glbl ConsmrDiscr"
DOO,"BRP Inc. SV"
DNT,"Candente Copper J"
DBO,"D-Box Tech Inc. A J"
DNA,"Dalradian Res Inc. J"
DCM,"Data Commun Mgt"
DW,"DataWind Inc. J"
DEE,"Delphi Energy Corp."
DEE.NT,"Delphi Energy 10% Nt"
DEE.WT,"Delphi Energy Wt"
DML,"Denison Mines Corp"
DSG,"Descartes Systems"
DCC,"Desjardins 1-5yrCorp"
DCG,"Desjardins 1-5yrGovt"
DFC,"DesjardinCaMltiCntrl"
DCP,"Desjardins Cdn Pref"
DCS,"Desjardins CdnST Bnd"
DCU,"DesjardinCA UnivBnd"
DFD,"DesjardinDevexUS xCA"
DFU,"DesjardinUSMultCntrl"
DGC,"Detour Gold Corp J"
DHX.A,"DHX Media Ltd. VV"
DHX.B,"DHX Media Ltd."
DHX.DB,"DHX Media 5.875% Deb"
DCF,"Difference Cap Fin J"
DCF.DB,"Difference Cap 8%DbJ"
DIN.DB,"DIR Industrl Ppty Db"
DRT,"DIRTT Env Solution J"
DA.DB.A,"Discovry Air 8.375Db"
DIV,"Divers Rylty Corp."
DFN,"Dividend 15 Splt A"
DFN.PR.A,"Dividend 15 Splt Pr"
DF,"Dividend 15Split 2 A"
DF.PR.A,"Dividend 15Splt 2 Pr"
DGS,"Div Growth Splt Cl A"
DGS.PR.A,"Div Growth Split Pr"
DS,"Dividend Select 15Eq"
DOL,"Dollarama Inc."
DDC,"Dominion Diamond"
UFS,"Domtar Corporation"
DII.A,"Dorel Ind Inc A MV"
DII.B,"Dorel Ind Inc B SV"
DII.DB.U,"Dorel Ind 5.5% Db US"
DSL.UN,"DoubleLine Incm A Un"
DRG.UN,"Dream Global REIT Un"
DRA.UN,"Dream Hrd AsetAlt Un"
DIR.DB,"Dream Indust 5.25 Db"
DIR.UN,"Dream Industrl REIT"
D.UN,"Dream Office REIT Un"
DRM,"DREAM Unltd Cl A SV"
DRM.PR.A,"DREAM Unltd 1st Pr"
DC.A,"Dundee Corp. Cl A SV"
DC.PR.B,"Dundee Corp. Pr 2"
DC.PR.D,"Dundee Corp 1st Pr 3"
DC.PR.E,"Dundee Corp Pr 5"
DC.WT,"Dundee Corp Wt"
DPM,"Dundee Precious Mtl"
DXI,"DXI Energy Inc J"
DNG,"Dynacor Gold Mines J"
DXC,"Dynamic iShr CADivUn"
DXO,"Dynamic iShrCrosBond"
DXG,"Dynamic iShr GlblDiv"
DXF,"Dynamic iShr GlbFin"
DXP,"Dynamic iShr Pref Un"
DXB,"Dynamic iShrActvTact"
DXU,"Dynamic iShr US Div"
DXZ,"Dynamic iShrUSMidCap"
DIVS,"Evolve CA Pref UnHeg"
DCD.UN,"1st Asset Divers Un"
DXM,"1stAsst MornstrDiv30"
DLR,"Horizon US$ Cur A Un"
DLR.U,"Horizon US$Cur A USF"
DR,"Medical Facilities"
DR.DB.A,"Medical Fac 5.9% Deb"
DGRC,"WisdomTreeCA QualDiv"
DQI,"Wisdom3 IntlDivVarHg"
DGR,"WisdomTree USDivHegd"
DGR.B,"WisdomTree USDvNN-HG"
DQD,"Wisdom3 USDivVaryHeg"
EIT.PR.A,"Canoe EIT Incm4.8 Pr"
EIT.UN,"Canoe EIT Income Un"
ELF,"E-L Financial Corp."
ELF.PR.F,"E-L Financial 1st Pr"
ELF.PR.G,"E-L Financl 4.75 Pr2"
ELF.PR.H,"E-L Financl 5.5 Pr 3"
EGL,"Eagle Energy Inc. J"
ECF.UN,"East Coast InvGrd Un"
ELR,"Eastern Platinum J"
ER,"Eastmain Resources J"
EFH,"Echelon Fin Hldgs"
ERM,"Eclipse Resident Mtg"
ECN,"ECN Capital Corp."
ECN.PR.A,"ECN Capital 6.50% Pr"
ECN.PR.C,"ECN Capital 6.25% Pr"
EOM,"Eco Oro Minerals J"
ECS,"eCobalt Solutions J"
EVT,"Economic Investment"
ECO,"EcoSynthetix Inc. J"
ELD,"Eldorado Gold Corp."
EFL,"Electrovaya Inc."
EFN,"Element Fleet Mgt"
EFN.DB,"Element Fleet5.125Db"
EFN.DB.A,"Element Fleet 4.25Db"
EFN.PR.A,"Element Fleet Pr A"
EFN.PR.C,"Element Fleet Pr C"
EFN.PR.E,"Element Fleet Pr E"
EFN.PR.G,"Element Fleet Pr G"
EFN.PR.I,"Element Fleet Pr I"
EMA,"Emera Incorporated"
EMA.PR.A,"Emera Inc. Ser A Pr"
EMA.PR.B,"Emera Inc. Ser B Pr"
EMA.PR.C,"Emera Inc. Ser C Pr "
EMA.PR.E,"Emera Inc. Ser E Pr"
EMA.PR.F,"Emera Inc. Ser F Pr"
EMP.A,"Empire Co Cl A NV"
ENB,"Enbridge Inc."
ENB.PF.A,"Enbridge Ser 9 Pr"
ENB.PF.C,"Enbridge Ser 11 Pr"
ENB.PF.E,"Enbridge Ser 13 Pr"
ENB.PF.G,"Enbridge Ser 15 Pr"
ENB.PF.I,"Enbridge Ser 17 Pr"
ENB.PF.U,"Enbridge Ser L US Pr"
ENB.PF.V,"Enbridge Ser 5 US Pr"
ENB.PR.A,"Enbridge 5.50% Pr"
ENB.PR.B,"Enbridge Inc Sr B Pr"
ENB.PR.C,"Enbridge Inc Sr C Pr"
ENB.PR.D,"Enbridge Inc Sr D Pr"
ENB.PR.F,"Enbridge Inc Sr F Pr"
ENB.PR.H,"Enbridge Inc Sr H Pr"
ENB.PR.J,"Enbridge Ser 7 Pr"
ENB.PR.N,"Enbridge Inc Sr N Pr"
ENB.PR.P,"Enbridge Inc Sr P Pr"
ENB.PR.T,"Enbridge Inc Sr R Pr"
ENB.PR.U,"Enbridge Sr J US Pr"
ENB.PR.V,"Enbridge Ser 1 US Pr"
ENB.PR.Y,"Enbridge Ser 3 Pr"
ENF,"Enbridge Incm Hldgs"
ECA,"EnCana Corporation"
EDV,"Endeavour Mining Ord"
EDR,"Endeavour Silver J"
ECI,"EnerCare Inc."
EFX,"Enerflex Ltd."
PCF.U,"Energy Credit Opp U"
PCF.UN,"Energy Credit Opp A"
EFR,"Energy Fuels Inc. J"
EFR.DB,"Energy Fuels Deb J"
EFR.WT,"Energy Fuels Wt J"
ENI.UN,"Energy Income Fnd Un"
HEN.UN,"Energy Leaders Tr Un"
HPF,"Energy Leadr+Incm Un"
HPF.U,"Energy Leadr+Incm US"
ERF,"Enerplus Corporation"
ENGH,"Enghouse Systems Ltd"
ESI,"Ensign Engy Services"
E,"Enterprise Group Inc"
ENT,"ENTREC Corporation"
ENT.DB,"ENTREC Corp. Deb"
ETG,"Entree Resources J"
EPS,"Epsilon Energy Ltd J"
EQB,"Equitable Group Inc."
EQB.PR.C,"Equitable Grp Pr 3"
EQI,"Eqty Financl Hldgs J"
ERD,"Erdene Res Dev J"
ERO,"Ero Copper Corp. J"
ESP,"Espial Group Inc. J"
EPI,"Essa Pharma Inc. J"
ESN,"Essential Energy Ltd"
ETX,"Etrion Corporation J"
ESM,"Euro Sun Mining J"
EOX,"Euromax Resources J"
EBC.UN,"EU Bl-Chp DivGrow Un"
EDGF.UN,"European DivGrwth Un"
ET,"Evertz Technologies"
DIVS,"Evolve CA Pref UnHeg"
TIME,"EvolveActShDurBndHeg"
TIME.B,"EvolveActShDurBndUnh"
CAPS,"Evolve Actv US EqHeg"
CAPS.B,"EvolveActvUS EqUnheg"
CARS,"Evolve AutoInnov Heg"
CARS.B,"Evolve AutoInnovUnHg"
CYBR,"Evolve CybrSec Heg"
CYBR.B,"Evolve CybrSecUn-Heg"
HERS,"Evolve NA Gender Heg"
HERS.B,"Evolve NA GndrUn-Heg"
CALL,"EvolveUS BkEnhYldHeg"
CALL.B,"EvolveUS BkEnhYldUhg"
XCT,"exactEarth Ltd. J"
EXGB,"Excel GlbBalAst E Un"
EXGG,"Excel GlbGroAst E Un"
EXN,"Excellon Resources J"
EXN.WT,"Excellon Res Wt J"
MIN,"Excelsior Mining J"
EIF,"Exchange Income Corp"
EIF.DB.E,"Exchng Incm 5.5% Deb"
EIF.DB.F,"Exchng Incm 5.35 Deb"
EIF.DB.G,"Exchange Incm 6% Deb"
EIF.DB.H,"Exchng Incm 5.25% Db"
XTC,"Exco Technologies"
EXF,"EXFO Inc. SV"
EXE,"Extendicare Inc."
EXE.DB.B,"Extendicare 6% Deb"
EUR,"1st TrAlphDEX EU Div"
EUR.A,"1st TrAlphDX EUDivAd"
ETP,"1st Tr Glb RskMngeUn"
ETP.A,"1st Tr Glb RskMngeAd"
ELV,"PwrShr S&P EmrgMkts"
EDT,"Spectral Medical Inc"
EML.PR.A,"Empire Life Ins Pr 1"
EMV.B,"WisdomTreeEmrgMktDiv"
EHE,"WisdomTree EU HEG Eq"
EHE.B,"WisdomTreeEU Eq N-Hg"
FAP,"Aberdeen Asia-Pacifc"
FGX,"Faircourt Gld Incm A"
FCS.PR.C,"Faircourt Split 6%Pr"
FCS.UN,"Faircourt Splt Tr Un"
FAH.U,"Fairfax Africa SV US"
FFH,"Fairfax Financial SV"
FFH.PR.C,"Fairfax Fin Ser C Pr"
FFH.PR.D,"Fairfax Fin Ser D Pr"
FFH.PR.E,"Fairfax Fin Ser E Pr"
FFH.PR.F,"Fairfax Fin Ser F Pr"
FFH.PR.G,"Fairfax Fin Ser G Pr"
FFH.PR.H,"Fairfax Fin Ser H Pr"
FFH.PR.I,"Fairfax Fin Ser I Pr"
FFH.PR.J,"Fairfax Fin Ser J Pr"
FFH.PR.K,"Fairfax Fin Ser K Pr"
FFH.PR.M,"Fairfax Fin Ser M Pr"
FFH.U,"Fairfax Fin SV USF"
FIH.U,"Fairfax India SV USF"
FRX,"Fennec Pharmaceut J"
FSZ,"Fiera Capital A SV"
FTN,"Financial 15 Splt A"
FTN.PR.A,"Financial 15 Splt Pr"
FTT,"Finning Int'l Inc."
FTG,"Firan Tech Grp Corp."
FC,"Firm Cap Mtg Invest "
FC.DB.B,"Firm Cap Mtg 5.4% Db"
FC.DB.C,"Firm Cap Mtg 5.25%Db"
FC.DB.D,"Firm Cap Mtg 4.75 Db"
FC.DB.E,"Firm Cap Mtg 5.3% Db"
FC.DB.F,"Firm Cap Mtg 5.5% Db"
FC.DB.G,"Firm Cap Mtg 5.2% Db"
FC.DB.H,"Firm Cap Mtg 5.3% Db"
BXF,"1stAst 1-5GvtStBndUn"
FDV,"1st AsstActvCADiv Un"
FAO,"1st AsstActvCredt Un"
FAO.U,"1st AsstActvCredt US"
FAI,"1st AstActUtilInfrUn"
FCY,"1st AssetCambrgUS Eq"
FCY.B,"1st AssetCambrgUSUnh"
FCW,"1st AstCambrdgDv Heg"
FCW.B,"1st AstCambrdgDvUn-H"
OXF,"1stAsset EngyCall Un"
MXF,"1stAsset Material Un"
FBE,"1st Asset CA Buyback"
CXF,"1st Asset ConvBnd Un"
ADC.UN,"1st Asset CdnConv Un"
FDL,"1st AssetCA DivLwVlt"
RIT,"1st Asset CdnREIT Un"
CIC,"1st Ast CanBanc Incm"
CED,"1st AstCoreCdn Eq Un"
CSY,"First AsstCoreCdn Eq"
CES,"1st AstCoreUSEqtC$Un"
CES.B,"1st AstCoreUSEqC$U-H"
CES.U,"1st AstCoreUS$U-H Un"
DCD.UN,"1st Asset Divers Un"
NXF,"1stAstEngyGiantCovUn"
NXF.B,"1stAstEngyGiatUnhgUn"
FSB,"1st Ast EnhanceShBnd"
FSB.U,"1st AstEnhancShBndUS"
FHB,"1st Asset EuropeanUn"
FSF,"1stAst GlbFinSctr Un"
FIG,"1st Asset Inv Bnd Un"
FLB,"1st Asst LngDurFxdUn"
DXM,"1stAsst MornstrDiv30"
WXM,"1stAsst MornMomnt Un"
FXM,"1stAst MornCdaVal Un"
ZXM,"1stAst MornIntlMomUn"
ZXM.B,"1stAst IntlMomUnhgUn"
VXM,"1stAsst MrnIntlValUn"
VXM.B,"1stAst IntlValUnhgUn"
QXM,"1stAsst MornstrNBkQC"
UCD.UN,"1stAst MornUS Consmr"
UXM,"1stAstUS Div50 Un"
UXM.B,"1stAstUS Dv50 UnhgUn"
YXM,"1st Ast US Moment Un"
YXM.B,"1st AstUSMmntUnhegUn"
XXM,"1stAstMrnStrUSVal Un"
XXM.B,"1stAst MrnUS ValUnhg"
RWC,"1st AstMSCI CdaLR Un"
FQC,"1st AstMSCI Cda Qual"
RWE,"1stAst MSCI EurLR Un"
RWE.B,"1stAst EurLR Unhg Un"
RWX,"1st AstIntlLowRskWgt"
RWX.B,"1st AstIntlLwRskUnHg"
RWU,"1st Ast MSCI USA Un"
RWU.B,"1stAstMSCI USA Unheg"
RWW,"1st AstMSCI World Un"
RWW.B,"1st AstMSCI WrldUnhg"
NCD.UN,"1st AsstNA AdvanConv"
FPR,"1st Asst Pref Shr Un"
FGB,"1stAsst ST GovtBndCl"
TXF,"1stAstTech Giants Un"
TXF.B,"1stAstTechGiant UnHG"
FLI,"1st Ast US&CdaLifeco"
FBU,"1st Asset US Buyback"
FUM,"1st AssetUS EqMltFac"
FUT,"1st AssetUSTacSctrAl"
SID,"1st Ast US TrndLeadr"
FCR,"First Capital Realty"
FCR.DB.J,"First Cap Feb 4.45Db"
FR,"First Majestic J"
FF,"First Mining Fin J"
FN,"First Nat'l Fin Corp"
FN.PR.A,"1st Natl Fin Sr 1 Pr"
FN.PR.B,"1st Natl Fin Sr 2 Pr"
FNM.UN,"1st Natl MtgInvst Un"
FM,"First Quantum Mnrl J"
FDE,"1st Tr AlphEmrgMktUn"
FDE.A,"1st Tr AlphEmrgMktAd"
EUR,"1st TrAlphDEX EU Div"
EUR.A,"1st TrAlphDX EUDivAd"
FHD,"1stTr AlpDEX US Dscr"
FHC,"1stTr AlpDEX US Stpl"
FUD,"1st Tr AlphaUSDiv Un"
FUD.A,"1st Tr AlphaUSDivAdv"
FHE,"1stTrAlphDEX US Engy"
FHF,"1stTr AlphDEX US Fin"
FHH,"1stTr AlpDEX US Hlth"
FHG,"1stTr AlphDEX US Ind"
FHM,"1stTr AlpDEX US Mtrl"
FHQ,"1stTr AlpDEX US Tech"
FHU,"1stTr AlpDEX US Util"
FST,"1st Tr CdnCapStrngUn"
FST.A,"1st Tr CdnCapStrngAd"
FSR,"1st Tr DrsyWrgtUSRot"
ETP,"1st Tr Glb RskMngeUn"
ETP.A,"1st Tr Glb RskMngeAd"
FSL,"1st Tr SnrLoan Cad-H"
FSL.A,"1st Tr SnrLoanC-H Ad"
FSD,"1st Tr ShDurHiYld Un"
FSD.A,"1st Tr ShDurHiYld Ad"
FTB,"1st Tr TacticlBnd Un"
FSV,"FirstService Corp SV"
FCU,"Fission Uranium J"
FFI.UN,"Flaherty&Crum Fix Un"
FAR,"Foraco Int'l SA"
FSY,"Forsys Metals Corp J"
FTS,"Fortis Inc."
FTS.PR.F,"Fortis Inc. 1st Pr F"
FTS.PR.G,"Fortis Inc. 1st Pr G"
FTS.PR.H,"Fortis Inc. 1st Pr H"
FTS.PR.I,"Fortis Inc.1st Pr I "
FTS.PR.J,"Fortis Inc. 1st Pr J"
FTS.PR.K,"Fortis Inc. 1st Pr K"
FTS.PR.M,"Fortis Inc. 1st Pr M"
FTP,"Fortress Paper Ltd A"
FTP.DB.A,"Fortress Paper 7% Db"
FVI,"Fortuna Silver Mines"
FT,"Fortune Minerals J"
FNV,"Franco-Nevada Corp."
FLCI,"Franklin LibCAInvGrd"
FLRM,"Franklin LibRskCA Eq"
FLDM,"Franklin LibQTIntlEq"
FLUS,"Franklin LibQT US Eq"
FVL,"Freegold Ventures J"
FRU,"Freehold Royalties "
FRII,"Freshii Inc. Cl A SV"
FEC,"Frontera Energy Corp"
FOOD,"Goodfood Market J"
FIE,"iShares CdnFinMo Un"
FIE.A,"iShares CdnFinMo Adv"
FFN,"NA Fin 15 Split A "
FFN.PR.A,"NA Fin 15 Split 2 Pr"
FRL.UN,"Sr Secured FltgLn Un"
FTU,"US Financial 15 Cl A"
FTU.PR.B,"US Financial15 Pr 12"
GBT,"BMTC Group Inc."
GPS,"BSM Tech Inc. J"
GOOS,"Cda Goose Hldgs SV"
GAS,"Cdn Natrl Gas Idx A"
GIB.A,"CGI Group Cl A SV"
GCL,"Colabor Group Inc."
GCL.DB.A,"Colabor Grp 6% Deb"
GBU,"Gabriel Resources J"
GH,"Gamehost Inc."
GZT,"Gazit-Globe Ltd. Ord"
GDI,"GDI Integrated SV J"
GDI.DB,"GDI Integrated 5%Deb"
GXE,"Gear Energy Ltd."
GDS,"Gendis Inc."
GEN,"GeneNews Limited J"
GMO,"General Moly, Inc."
GMM.U,"General Motors Co US"
GDC,"Genesis Land Dev"
MIC,"Genworth MI Canada"
GEO,"Geodrill Limited Ord"
WN,"Weston George"
WN.PR.A,"Weston George 1 Pr"
WN.PR.C,"Weston George III Pr"
WN.PR.D,"Weston George IV Pr"
WN.PR.E,"Weston George V Pr"
GEI,"Gibson Energy Inc"
GEI.DB,"Gibson Energy Inc Db"
GIL,"Gildan Activewear"
GVC,"Glacier Media Inc. J"
GLG,"GLG Life Tech Corp J"
GAF.UN,"Globl Alpha World Un"
NAF.UN,"Global Cap Sec A Un"
GCS.PR.A,"Glbl Champions Pr 1"
GDG.UN,"Glbl Div Growers Un"
HIG.UN,"Global Healthcare Un"
GRL,"Global RlEstDivGroEq"
HGR,"Glbl REIT Lead Incm"
GRP.PR.A,"Globl Res Champ Pr A"
HGI.UN,"Global Tel & Util Un"
GWR,"Global Water Res"
HTO.UN,"Global WaterSolut Un"
GBF,"Globalance Div GroEq"
GMX,"Globex Mining Ent J"
GS,"Gluskin Sheff + Assc"
GMP,"GMP Capital Inc."
GMP.PR.B,"GMP Capital Ser B Pr"
GMP.PR.C,"GMP Capital Ser C Pr"
GSY,"goeasy Ltd."
GSY.DB,"goeasy Ltd 5.75% Deb"
GGD,"GoGold Resources J"
GGD.WT,"GoGold Res Wt J"
GSV,"Gold Stand Venture J"
G,"Goldcorp Inc."
AUMN,"Golden Minerals J"
GQM,"Golden Queen Mng J"
GQM.WT,"Golden QueenMng Wt J"
GSC,"Golden Star Resource"
GGA,"Goldgroup Mining J"
GSB.UN,"Goldman Sachs US Un"
XAU,"GoldMoney Inc."
GDL,"Goodfellow Inc."
FOOD,"Goodfood Market J"
GCM,"Gran Colombia Gold J"
GCM.DB.U,"Gran Colombia 18USDb"
GCM.DB.V,"Gran Colombia 20USDb"
GCM.DB.X,"Gran Colombia 24USDb"
GCM.WT.A,"Gran Colombia J A Wt"
GTE,"Gran Tierra Energy J"
GTX,"Gran Tierra Exchg J"
GXO,"Granite Oil Corp. J"
GRT.UN,"Granite Rl Est Tr Un"
GC,"Great Cdn Gaming "
GPR,"Gt Panther Silver J"
GWO,"Great-West Lifeco"
GWO.PR.F,"Gt-West Lifeco Pr F"
GWO.PR.G,"Gt-West Lifeco Pr G"
GWO.PR.H,"Gt-West Lifeco Pr H "
GWO.PR.I,"Gt-West Lifeco Pr I"
GWO.PR.L,"Gt-West Lifeco Pr L"
GWO.PR.M,"Gt-West Lifeco Pr M"
GWO.PR.N,"Gt-West Lifeco Pr N"
GWO.PR.O,"Gt-West Lifeco Pr O"
GWO.PR.P,"Gt-West Lifeco Pr P"
GWO.PR.Q,"Gt-West Lifeco Pr Q"
GWO.PR.R,"Gt-West Lifeco Pr R"
GWO.PR.S,"Gt-West Lifeco Pr S"
GWO.PR.T,"Gt-West Lifeco Pr T"
GCG,"Guardian Capital"
GCG.A,"Guardian Cap Cl A NV"
GUY,"Guyana Goldfields J"
GCT,"GVIC Commun Cl B"
GCT.C,"GVIC Commun Cl C NV"
GUD,"Knight Therapeutics"
GOGO,"US GLB GOLD&PrecMetl"
HOT.DB.U,"American Hotl Deb US"
HOT.UN,"American Hotl LP Un"
HRR.UN,"Australian REIT A Un"
HGD,"BetaProCdnGldMn-2xBr"
HGU,"BetaProCdnGldMnr2xBl"
HOD,"BetaPro CrdOil-2x Br"
HOU,"BetaPro CrudeOil2xBl"
HBD,"BetaPro GldBul-2x Br"
HBU,"BetaPro GldBul 2x Bl"
HQD,"BetaProNSDQ100 -2xBr"
HQU,"BetaProNASDQ100 2xBl"
HND,"BetaProNatGas -2x Br"
HNU,"BetaPro NatGas 2xBul"
HSD,"BetaPro S&P500 -2xBr"
HSU,"BetaPro S&P500 2x Bl"
HIU,"BetaProSP500DlyInvrs"
HVU,"BetaPro500 STFutr 2x"
HVI,"BetaPr500 ST DlyFutr"
HUV,"BetaProSP500 ST Futr"
HXD,"BetaProS&PTSX60-2xBr"
HXU,"BetaProS&PTSX60 2xBl"
HIX,"BetaPro60 DailyInvrs"
HED,"BetaProS&PTSXEngy-2x"
HEU,"BetaProS&PTSX Engy2x"
HFD,"BetaProSPTSX Fin -2x"
HFU,"BetaProSPTSXFin 2xBl"
HZD,"BetaPro Slvr -2DlyBr"
HZU,"BetaPro Slvr 2xDlyBl"
HBL.UN,"Brand Leaders Fnd Un"
HBF,"Brand Lead+Incm A Un"
HBF.U,"Brand Lead+IncmUS Un"
HEN.UN,"Energy Leaders Tr Un"
HPF,"Energy Leadr+Incm Un"
HPF.U,"Energy Leadr+Incm US"
HERS,"Evolve NA Gender Heg"
HERS.B,"Evolve NA GndrUn-Heg"
HIG.UN,"Global Healthcare Un"
HGR,"Glbl REIT Lead Incm"
HGI.UN,"Global Tel & Util Un"
HTO.UN,"Global WaterSolut Un"
HR.DB.D,"H&R REIT 5.90% Deb "
HR.UN,"H&R Rl Est Staple Un"
HBG,"Hamilton CapGlb Bk E"
HBG.U,"Hamilton CapGlbBk US"
HFY,"Hamilton CapGlbFin E"
HFY.U,"Hamilton CapGlbFinUS"
HFMU.U,"Hamilton CapFin US E"
HMM.A,"Hammond Mfg Cl A SV"
HPS.A,"Hammond Power A SV"
HE,"Hanwei Energy Serv"
HWD,"Hardwoods Dist Inc."
HRT,"Harte Gold Corp. J"
HHL,"Healthcare LdrIncmUn"
HHL.U,"HealthcareLdrIncm US"
MDS.UN,"Healthcare SpecOp Un"
HSM,"Helius Med Tech A J"
HSM.WT,"Helius Med Tech Wt J"
HBP,"Helix BioPharma"
HER,"Heron Res Ltd Ord J"
HRX,"Heroux-Devtek Inc."
HWO,"High Arctic Engy Inc"
HLF,"High Liner Foods Inc"
HNZ,"HNZ Group Com & VV"
HLC,"Holloway Lodge Crp J"
HLC.DB,"Holloway 6.25 Db B J"
HLC.DB.A,"Holloway 7.5% Deb J"
HCG,"Home Capital Group"
HNL,"Horizon Nth Logstc J"
HARC,"Horizons GlbCurrency"
HAD,"Horizon ActvCdnBndUn"
HAL,"Horizons Cdn Div E"
HMP,"Horizn ActCdnMunBd E"
HAB,"Horizon CorpBnd E Un"
HAJ,"Horizon ActvEmrgDvUn"
HFR,"Horizon FltgRtBnd Un"
HFP,"Horizn ActFltgPref E"
HSL,"Horizn ActvFltLoan E"
HAZ,"Horizon GlblDiv E Un"
HAF,"Horizon ActiveGlbl E"
HYI,"Horizon HighYldBnd E"
HPR,"Horizon Pref Cl E Un"
HAU,"Horizons ActvUSDiv E"
HAU.U,"Horizons ActvUSDivUS"
HUF,"Horizons USFltgBndCA"
HUF.U,"Horizons USFltgBndUS"
HMF,"Horizons AuspiceE Un"
CAN,"Horizn CdnDolr Cur A"
HOG,"Horizn CdnMdStream A"
HXH,"Horizons Cdn HiDiv A"
HII,"Horizon Cdn Insdr Un"
HBB,"Horizon Cdn SlctUniv"
HCN,"Horizn China DivA Un"
HUC,"Horizons CrudeOil Un"
HEE,"Horizons Incm Engy E"
HEX,"Horizon Incm Eq E Un"
HEF,"Horizons Incm Fin E"
HEP,"Horizons Gold Prod E"
HEJ,"Horizons Intl Eqty E"
HEA,"Horizon IncmEq CAD E"
HEA.U,"Horizon IncmEq USD E"
HXX,"Horizn EURO STOX50 A"
HGC,"Horizon Glb CurOpp E"
HRA,"Horizons GlbRskPar E"
HUG,"Horizons Gold A Un"
HGY,"Horizons GldYld E Un"
HXDM,"Horizons IntlMkts Eq"
HXDM.U,"Horizons IntlMktEqUS"
HGM,"Horizn MgeGlb Opp E"
HMMJ,"Horizons Marij Lfe A"
HMMJ.U,"Horizons Marij US"
HHF,"Horizon MornstrHdg E"
HXQ,"Horizon NASDAQ-100 A"
HXQ.U,"Horizon NASDAQ100 US"
HUN,"Horizons NatrlGas Un"
HNY,"Horizons NatGasYld E"
HSH,"Horizn S&P500CA Hegd"
HXS,"Horizons S&P500 Un"
HXS.U,"Horizon S&P500 US Un"
HEW,"Horizons 60EqlWgt Un"
HXT,"Horizon S&P/TSX60 A"
HXT.U,"Horizon S&P/TSX60 US"
HXE,"Horizn S&PCapEngyIdx"
HXF,"Horizn S&PCapFin Idx"
HAC,"Horizon Seasonl E Un"
HUZ,"Horizons Silver A Un"
HTH,"Horizn US7-10YrTreas"
HTB,"Horizn US7-10TreasBd"
HTB.U,"HoriznUS7-10TreaBdUS"
DLR,"Horizon US$ Cur A Un"
DLR.U,"Horizon US$Cur A USF"
HZM,"Horizonte Min Ord J"
HSB.PR.C,"HSBC Bank Cl 1 Pr C"
HSB.PR.D,"HSBC Bank Cl 1 Pr D"
HBM,"Hudbay Minerals Inc."
HBM.WT,"Hudbay Minerals Wt"
HBC,"Hudson's Bay Company"
HSE,"Husky Energy Inc."
HSE.PR.A,"Husky Energy Sr 1 Pr"
HSE.PR.B,"Husky Energy Sr 2 Pr"
HSE.PR.C,"Husky Energy Sr 3 Pr"
HSE.PR.E,"Husky Energy Sr 5 Pr"
HSE.PR.G,"Husky Energy Sr 7 Pr"
H,"Hydro One Limited"
H.IR,"Hydro One Ltd Rec"
HYG,"Hydrogenics Corp"
HYD,"Hyduke Energy Serv"
HLP.DB.U,"Mainstreet Hlth USDb"
HLP.U,"Mainstreet Hlth USF"
HWF.UN,"Middlefld HealthcrUn"
HTA,"Tech AchievGrowIncmA"
HTA.U,"Tech AchievGrow USF"
HUL,"US Eqty+ Incm A Un"
HUL.U,"US Eqty+ Incm US Un"
HID,"WisdomTree USHiDvHeg"
HID.B,"WisdomTreeUSHiDvNNHG"
IRON,"Alderon Iron Ore J"
INSR,"BMO GlblInsuranceHeg"
ICE,"Canlan Ice Sports"
IMG,"Iamgold Corporation"
IBG,"IBI Group Inc."
IBG.DB.C,"IBI Group 7% Sr 2 Db"
IBG.DB.D,"IBI GROUP 5.5% Deb"
ICP,"IC Potash Corp. J"
IFA,"iFabric Corp. J"
IGM,"IGM Financial Inc."
IGM.PR.B,"IGM Financial B Pr "
IMV,"Immunovaccine Inc. J"
III,"Imperial Metals Corp"
IMO,"Imperial Oil Ltd."
IRG,"Imvescor Restaurant"
INC.UN,"Income Fin Tr Un"
IDG,"Indigo Books & Music"
IAG,"Indstrl Alliance Ins"
IAG.PR.A,"Indstrl AlliancePr B"
IAG.PR.G,"Indstrl AlliancePr G"
ISV,"Info Serv Corp. A LV"
INE,"Innergex Renew Engy"
INE.DB.A,"Innergex Renew4.25Db"
INE.PR.A,"Innergex Renew Pr A"
INE.PR.C,"Innergex Renew Pr C"
INO.UN,"Inovalis REIT Un"
IPO,"InPlay Oil Corp. J"
INQ,"INSCAPE Corp Cl B SV"
IFC,"Intact Fin Corp."
IFC.PR.A,"Intact Fin A Ser 1"
IFC.PR.C,"Intact Fin A Ser 3"
IFC.PR.D,"Intact Fin A Ser 4"
IFC.PR.E,"Intact Fin A Ser 5"
IFC.PR.F,"Intact Fin A Sr 6 Pr"
IAM,"Integrated Asset Mgt"
IPCI,"IntelliPharma Intl J"
IPL,"Inter Pipeline Ltd."
IFP,"Interfor Corporation"
IMP,"Intermap Technology"
IPCO,"Int'l Pete Corp."
ITH,"Int'l Tower Hill J"
IIP.UN,"InterRent REIT Un J"
ITP,"Intertape Polymer"
ITC,"Intrinsyc Tech J"
INV,"INV Metals Inc. J"
IFB.UN,"Invest GrdInfrBnd Un"
PFU.UN,"Invest GradeMngDur T"
CBH,"iShre 1-10CorpBnd Un"
CBH.A,"iShre 1-10CorpBnd Ad"
CLG,"iShre 1-10GovtBnd Un"
CLG.A,"iShre 1-10GovtBnd Ad"
CBO,"iShre 1-5 CorpBnd Un"
CBO.A,"iShre 1-5CorpBnd Ad"
CLF,"iShre 1-5 GovtBnd Un"
CLF.A,"iShre 1-5 GovtBnd Ad"
CBN,"iShares GrowCore Un"
CBN.A,"iShares GrowCore Adv"
CBD,"iShares IncmCore Un"
CBD.A,"iShares IncmCore Adv"
XCB,"iShares Cdn Corp Bnd"
FIE,"iShares CdnFinMo Un"
FIE.A,"iShares CdnFinMo Adv"
XGB,"iShares Cdn Govt Bnd"
XCG,"iShares Cdn Growth"
XHB,"iShare Cdn HYBrd Bnd"
XRB,"iShare Cdn RlRet Bnd"
XDV,"iShares Cdn Slct Div"
XCV,"iShares Cdn Value Un"
XCH,"iShares China Index"
XSC,"iShr Consv ShStgyFxd"
XSE,"iShr Consv Stgy Incm"
CVD,"iShares ConvBond Un"
CVD.A,"iShares ConvBond Adv"
XLB,"iShr CoreCdnLT BndUn"
XSB,"iShre Cdn Sh Trm Bnd"
XSH,"iShr CoreCdnShMplBnd"
XBB,"iShr Cdn Univers Bnd"
XAW,"iShr CoreMSCI AC Wex"
XDIV,"iShare CorMSCICdnDiv"
XEF,"iShr CorMSCIEAFE IMI"
XFH,"iShrCrMSCI EAFEIMIHG"
XEC,"iShr Core EmrgMktIMI"
XDG,"iShr CorMSCI GlblDiv"
XDGH,"iShr CorGlbDivCA-Heg"
XDU,"iShr CoreMSCI US Div"
XDUH,"iShrCorUS DivCADHg"
XUS,"iShares CoreSP500Idx"
XSP,"iShares Core S&P 500"
XUU,"iShr CorS&P US MktUn"
XUH,"iShre CoreS&P US Mkt"
XIC,"iShr CoreSP/TSX Comp"
XTR,"iShare Divrs Mo Incm"
XMV,"iShr MSCI MinVolCda"
XMI,"iShare MSCIMinVlEAFE"
XML,"iShr EgMinVlEAFE C-H"
XMM,"iShr MinVol EmrgMkt "
XMW,"iShr MSCI MinVolGlbl"
XMY,"iShr EgMinVolGlb C-H"
XMU,"iShr MSCI MinVol USA"
XMS,"iShr EgMinVl USA C-H"
XFC,"iShr MSCIMultfactrCA"
XFI,"iShr MSCIMultfacEAFE"
XFF,"iShr MSCI EAFE CA-HG"
XFS,"iShrMSCIMultiftr USA"
XFA,"iShrMSCIMultiUSA C-H"
CEW,"iShares EqWeight Un "
CEW.A,"iShares EqWeight Adv"
XFR,"iShares Fltg Rate Un"
COW,"iShares GlblAgri Un"
COW.A,"iShares GlblAgri Adv"
XHC,"iShare Glbl Hlthcare"
CIF,"iShares GlbInfras Un"
CIF.A,"iShare GlbInfras Adv"
CYH,"iShares GlblMoDiv Un"
CYH.A,"iShares GlblMoDiv Ad"
CGR,"iShares GlblRlEst Un"
CGR.A,"iShare GlblRlEst Adv"
CWW,"iShares GlblWater Un"
CWW.A,"iShares GlbWater Adv"
CGL,"iShare GldBulHdgd Un"
CGL.C,"iShare GldBul Nn-Hdg"
XQB,"iShare HighCdnBnd Un"
XQB.A,"iShare HighCdnBnd Ad"
XID,"iShares India Idx Un"
XEB,"iShr JP USD Emrg Mkt"
XEN,"iShare Jantzi Social"
XIN,"iShare MSCI EAFE Idx"
XEM,"iShare MSCI EmergMkt"
XEU,"iShr MSCI EU IMI Idx"
XEH,"iShr MSCI EU IMI CAD"
XWD,"iShare MSCI World Un"
XQQ,"iShare NASDAQ 100 Un"
CMR,"iShares MoneyMkt Un"
CMR.A,"iShares MoneyMkt Adv"
XCD,"iShare S&P CnsmrDscr"
XGI,"iShr SP Glbl Indstrl"
XMC,"iShr S&P US MidCapUn"
XMH,"iShr S&P USMdCpCADHG"
XIU,"iShares S&P/TSX60 Un"
CDZ,"iShr CdnDivAristo Un"
CDZ.A,"iShare CdnDivAristAd"
CPD,"iShares CdnPref Un"
CPD.A,"iShares CdnPref Adv"
XST,"iShares Consumr Stpl"
XEG,"iShares S&P/TSX Engy"
XFN,"iShares S&P/TSX Fins"
XIT,"iShares S&P/TSX Tech"
XMA,"iShare S&P/TSX Matrl"
XRE,"iShares S&P/TSX REIT"
XUT,"iShares S&P/TSX Util"
XMD,"iShr S&P/TSX Cmpletn"
XEI,"iShr S&P/TSX HiDivUn"
XBM,"iShr SP/TSXGblBseMtl"
XGD,"iShares S&P/TSX Gold"
XPF,"iShr S&PTSX NA PrStk"
XCS,"IShare SP/TSX SmlCap"
CSD,"iShr ShDuratn HighUn"
CSD.A,"iShr ShDuratn HighAd"
XSQ,"iShares ST CdnBnd Un"
XSI,"iShr ST StratgFxd Un"
SVR,"iShr Sil Bul Hdgd Un"
SVR.C,"iShr Sil Bul Nn-Hdgd"
XHU,"iShr US HiDiv EqtyUn"
XHD,"iShare US HighDiv Eq"
XHY,"iShares US HiYld Bnd"
CHB,"iShr US HiYldIncm Un"
CHB.A,"iShr US HiYldIncm Ad"
XIG,"iShare US IG CorpBnd"
XSU,"iShares US Small Cap"
CUD,"iShare US DivGrow Un"
CUD.A,"iShare US DivGro Adv"
IVN,"Ivanhoe Mines Cl A J"
IGCF,"PIMCO InvGrdCreditCA"
ILV,"PwrShr S&PIntl LwVol"
IDR.UN,"REIT INDEXPLUS Tr Un"
ITX,"Intertain Grp Exch J"
ITX.DB,"Intertain Grp 5%Db J"
IFL.UN,"Voya DivrFltgLoan Un"
ISL.U,"Voya FltgRt Sr US Un"
ISL.UN,"Voya FltgRte Sr A Un"
IQD,"WisdomTreeIntlDivHeg"
IQD.B,"WisdomTreeIntlDvNN-H"
JAG,"Jaguar Mining Inc. J"
JWEL,"Jamieson Wellness"
PJC.A,"Jean Coutu Group SV"
JFS.UN,"JFT Strategies A Un"
JOY,"Journey Energy Inc."
CBT.UN,"June 2020CorpBnd 'T'"
RBP.UN,"June2021 Invst CL T "
JE,"Just Energy Group "
JE.DB.B,"Just Engy Grp 5.75Db"
JE.DB.C,"Just Engy Grp 6.75Db"
JE.PR.U,"Just Energy 8.5Pr US"
KOR,"Corvus Gold Inc. J"
KWH.UN,"Crius Energy Tr Un"
KBL,"K-Bro Linen Inc."
KRN,"Karnalyte Res J"
KAT,"Katanga Mining Ltd."
KEG.UN,"Keg Royalties Fnd Un"
KLS,"Kelso Technologies"
KEL,"Kelt Expl Ltd. J"
KEL.DB,"Kelt Expl 5% Deb J"
KER,"Kerr Mines Inc. J"
KEW,"Kew Media Cl B"
KEW.WT,"Kew Media Group Wt"
KEY,"Keyera Corp."
KMP.UN,"Killam Apt REIT Un J"
KXS,"Kinaxis Inc. J"
KML,"Kinder Morgan Cda RV"
KML.PR.A,"Kinder Morgan Sr1 Pr"
KFS,"Kingsway Financial"
KFS.WT.V,"Kingsway Fin B Wt US"
K,"Kinross Gold Corp."
KLG.DB.A,"Kirklnd Lake 7.5Db J"
KL,"Kirkland Lake Gold J"
KDX,"Klondex Mines Ltd. J"
GUD,"Knight Therapeutics"
KPT,"KP Tissue Inc."
LCS,"Brompton Life Splt A"
LCS.PR.A,"Brompton LifeSplt Pr"
LFE,"Cdn Life Co Split A"
LFE.PR.B,"Cdn Life CoSplt Pr12"
LIF,"Labrador Iron Ore"
LRT.DB.G,"Lanesborough Sr G Db"
LRT.UN,"Lanesborough Tr Un J"
LAM,"Laramide Resources J"
LGO,"Largo Resources J"
LAS.A,"Lassonde Ind Cl A SV"
LB,"Laurentian Bk of Can"
LB.PR.F,"Laurentian Bk Pr 11"
LB.PR.H,"Laurentian Bk Pr 13"
LB.PR.J,"Laurentian Bk Pr 15"
LFX,"LeadFX Inc. J"
LMC,"Leagold Mng Corp. J"
LNF,"Leon's Furniture Ltd"
LNF.DB,"Leon's Furniture Db"
LVN,"Levon Resources J"
LGD,"Liberty Gold Inc. J"
LGD.WT,"Liberty Gold J Wt"
LBS,"Life & Banc Split A"
LBS.PR.A,"Life & Banc Split Pr"
PFD.U,"Ltd DuratnInvstGrdUS"
PFD.UN,"Ltd DuratnInvstGrd"
LNR,"Linamar Corporation"
LIQ,"Liquor Stores NA Ltd"
LIQ.DB.B,"Liquor Stores 4.7%Db"
LAC,"Lithium Americas J"
L,"Loblaw Companies Ltd"
L.PR.B,"Loblaw Co. Ser B Pr"
MBB.UN,"LOGiQ Advan Bond Un"
AOG.UN,"LOGiQ Advan O&G Un"
AV.UN,"LOGiQ Advan VIP Un"
LGQ,"Logiq Asset Mgt J"
LGQ.DB.A,"Logiq Asst Mgt7%Db J"
VIP.UN,"LOGiQ VIP Incm Un"
LGT.A,"Logistec Corp. A MV "
LGT.B,"Logistec Corp Cl B"
LN,"Loncor Resources J"
LOW.UN,"LowVolatlty CdnEq Un"
LVU.UN,"Low Voltlty US Eq Un"
LUC,"Lucara Diamond J"
LUG,"Lundin Gold Inc. J"
LUN,"Lundin Mining Corp"
LXR,"LXRandCo, Inc. J B"
LXR.WT,"LXRandCo, Inc. J Wt"
LYD,"Lydian Int'l Ord J"
LYD.WT,"Lydian Int'l Wt J"
PR,"Lysander-SlatrPrActv"
LEAF,"MedReleaf Corp."
LS.UN,"Middlefld Hlth&LfeUn"
MBA,"CIBT Education Grp J"
MIN,"Excelsior Mining J"
MXF,"1stAsset Material Un"
MIC,"Genworth MI Canada"
MDS.UN,"Healthcare SpecOp Un"
MBB.UN,"LOGiQ Advan Bond Un"
XMF.A,"M Split Corp. 14 Cap"
XMF.PR.B,"M Split Corp Cl 1 Pr"
XMF.PR.C,"M Split Corp 14-2 Pr"
MKB,"Mackenzie CAFxIncm E"
MGB,"Mackenzie GlbFxIncmE"
MFT,"Mackenzie FltgRate E"
MKZ.UN,"MacKenzie Master Un"
MXU,"Mackenzie AlWrl NA E"
MWD,"MackenzieMaxDvr AW E"
MKC,"Mackenzie MaxDvrCA E"
MEU,"MackenzieMaxDvrEur E"
MEE,"Mackenzie EmrgMkts E"
MUS,"Mackenzie MaxDvrUS E"
MUB,"Mackenzie Uncnstrn E"
MQI.UN,"Macquari GlbInfrasUn"
MPC,"Madison Pacific Cl B"
MPC.C,"Madison Pacific NV C"
MAG,"MAG Silver Corp. J"
MAL,"Magellan Aerospace"
MG,"Magna Int'l Inc."
MEQ,"Mainstreet Equity J"
HLP.DB.U,"Mainstreet Hlth USDb"
HLP.U,"Mainstreet Hlth USF"
MDI,"Major Drilling Group"
MND,"Mandalay Res Corp J"
MFC,"Manulife Financial"
MFC.PR.B,"Manulife Fin Sr 2 Pr"
MFC.PR.C,"Manulife Fin A Pr 3"
MFC.PR.F,"Manulife Fin Sr 3 Pr"
MFC.PR.G,"Manulife Fin Sr 5 Pr"
MFC.PR.H,"Manulife Fin Sr 7 Pr"
MFC.PR.I,"Manulife Fin Sr 9 Pr"
MFC.PR.J,"Manulife Fin Sr11 Pr"
MFC.PR.K,"Manulife Fin Sr13 Pr"
MFC.PR.L,"Manulife Fin Sr15 Pr"
MFC.PR.M,"Manulife Fin Sr17 Pr"
MFC.PR.N,"Manulife Fin Sr19 Pr"
MFC.PR.O,"Manulife Fin Sr21 Pr"
MFC.PR.P,"Manulife Fin Sr 4 Pr"
MFC.PR.R,"Manulife Fin Sr23 Pr"
MFR.UN,"Manulife FltgRtLn Un"
MCLC,"Manulfe MltCdnLrgUnh"
MINT,"Manulfe MltDevInt Un"
MINT.B,"Manulfe MltDevIntUnh"
MULC,"Manulfe MltUSLrgCpHg"
MULC.B,"Manulf MltUSLrgCpUnh"
MUMC,"Manulfe MultUS MidHg"
MUMC.B,"Manulfe MultUSMdUnhg"
MBK.UN,"Manulife US Regnl Un"
MFI,"Maple Leaf Foods Inc"
MOZ,"Marathon Gold Corp J"
MIF.UN,"Marquest Cdn Eqty Un"
MAR,"Marret Resource J"
MRE,"Martinrea Int'l Inc."
MNR,"Mason Res Corp. J"
MAW,"Mawson Resources J"
MAXR,"Maxar Technologies"
MXG,"Maxim Power Corp."
MBN,"MBN Corporation Eqty"
MKP,"MCAN Mortgage Corp."
MCB,"McCoy Global Inc."
MUX,"McEwen Mining Inc. J"
MDF,"Mediagrif Interactv"
DR,"Medical Facilities"
DR.DB.A,"Medical Fac 5.9% Deb"
MDNA,"Medicenna Therapeu J"
LEAF,"MedReleaf Corp."
MEG,"MEG Energy Corp."
MGA,"Mega Uranium Ltd. J"
MRD,"Melcor Developments"
MR.DB,"Melcor REIT 5.5 Deb"
MR.UN,"Melcor REIT Un"
MERC.U,"Mercer Int'l Inc. US"
MX,"Methanex Corporation"
MRU,"Metro Inc."
MBX,"Microbix Biosystms J"
MAX,"Midas Gold Corp. J"
RCO.UN,"Middlefld Can-Glb Un"
LS.UN,"Middlefld Hlth&LfeUn"
HWF.UN,"Middlefld HealthcrUn"
MSV,"Minco Silver Corp J"
MID.UN,"MINT Incme Fnd Tr Un"
MNW,"Mitel Networks Corp."
MOGO,"Mogo Finance Tech J"
MOGO.DB,"Mongo Fin Tech J Deb"
TPX.A,"MolsonCoors Cda A LV"
TPX.B,"MolsonCoors Cda B NV"
MLD.UN,"Moneda LatAm CorpBnd"
ME,"Moneta Porcupine J"
MRC,"Morguard Corporation"
MRG.DB,"Morguard NA REIT Deb"
MRG.UN,"Morguard NA REIT UN"
MRT.DB,"Morguard REIT 4.5Deb"
MRT.UN,"Morguard Real Est Un"
MSI,"Morneau Shepell Inc."
MSI.DB.A,"Morneau Shepl 4.75Db"
MPVD,"Mountain Province J"
MTY,"MTY Food Group Inc."
MTL,"Mullen Group Ltd."
MMP.UN,"Precious Mtl&Mine Un"
MNT,"Ry Cdn Mint-Gold ETR"
MNT.U,"Ry Cdn Mint-Gold USF"
MNS,"Ry Cdn Mint-Sil ETR"
MNS.U,"Ry Cdn Mint-Sil USF"
NXF,"1stAstEngyGiantCovUn"
NXF.B,"1stAstEngyGiatUnhgUn"
NCD.UN,"1st AsstNA AdvanConv"
NAF.UN,"Global Cap Sec A Un"
NPC,"NAPEC Inc. J"
NA,"Nat'l Bank of Canada"
NA.PR.A,"Nat'l Bank Ser 36 Pr"
NA.PR.C,"Nat'l Bank Ser 38 Pr"
NA.PR.Q,"Nat'l Bank Ser 28 Pr"
NA.PR.S,"Nat'l Bank Ser 30 Pr"
NA.PR.W,"Nat'l Bank Ser 32 Pr"
NA.PR.X,"Nat'l Bank Ser 34 Pr"
NUS,"Nautilus Minerals J"
NGI.UN,"NDX Growth&Incm A Un"
NMX,"Nemaska Lithium Inc."
NMX.WT,"Nemaska Lithium Wt"
NVCN,"Neovasc Inc. J"
NEPT,"Neptune Tech & Bio J"
NLN,"NeuLion, Inc. J"
NCU,"Nevada Copper Corp J"
NSU,"Nevsun Resources J"
NFI,"New Flyer Industries"
NGD,"New Gold Inc."
BCI,"New Look Vision J"
NML,"New Millenm Iron J"
NAL,"Newalta Corporation"
NCA,"NewCastle Gold Ltd J"
NCC.A,"Nfld Capital Cl A SV"
NCC.B,"Nfld Capital Cl B MV"
NEW.A,"Newgrowth Cl A Cap"
NEW.PR.D,"Newgrowth Corp. Pr 3"
NXC,"NexC Partners Corp A"
NXE,"NexGen Energy Ltd. J"
NXJ,"NexJ Systems Inc. J"
NEXT,"NextSource Materl J"
NGQ,"NGEx Resources Inc J"
NHK,"Nighthawk Gold J"
NKO,"Niko Resources"
NKO.NT,"Niko Resources 7% Nt"
NB,"NioCorp Dev Ltd. J"
NIF.UN,"Noranda Incm PriorUn"
OSB,"Norbord Inc."
NOA,"N.A. Energy Partners"
NOA.DB,"N.A. Energy Part Deb"
FFN,"NA Fin 15 Split A "
FFN.PR.A,"NA Fin 15 Split 2 Pr"
PDL,"N.A. Palladium Ltd."
NPF.UN,"Nth American Pref Un"
NCF,"Northcliff Res Ltd J"
NDM,"Nthrn Dynasty Min J"
NDM.WT.A,"Nthrn Dynasty Wt J A"
NDM.WT.B,"Nthrn Dynasty Wt J B"
NPS,"Nthn Power Systems J"
NPI,"Northland Power Inc."
NPI.DB.B,"Northland Pwr 5% Deb"
NPI.DB.C,"Northland Pwr 4.75Db"
NPI.PR.A,"Northland Pwr Pr 1"
NPI.PR.B,"Northland Pwr Pr 2"
NPI.PR.C,"Northland Pwr Pr 3"
NVU.DB,"Nthview Apt REIT Db"
NVU.UN,"Nthview Apt REIT Un"
NWH.DB,"NW Healthcare Deb"
NWH.DB.A,"NW Healthcare 6.5%Db"
NWH.DB.B,"NW Healthcare 7.5%Db"
NWH.DB.C,"NW Healthcare7.25%Db"
NWH.DB.D,"NW Healthcare 5.5%Db"
NWH.DB.E,"NW Healthcare31JulDB"
NWH.DB.F,"NW Healthcare31DecDB"
NWH.UN,"NW Healthcare Un"
NG,"NovaGold Resources J"
NVA,"NuVista Energy Ltd."
NRI,"Nuvo Pharmaceuticals"
SFD,"NXT Energy Solutn J"
SFD.RT,"NXT EnergySoltn Rt J"
NRGY.UN,"Sprott Engy OppTr Un"
NWC,"NW Company VarV&ComV"
NPK,"Verde Agritech Plc J"
ORA,"Aura Minerals Inc. J"
OSP,"Brompton Oil Splt A"
OSP.PR.A,"Brompton Oil Splt Pr"
OXF,"1stAsset EngyCall Un"
OSB,"Norbord Inc."
OBE,"Obsidian Energy Ltd"
OGC,"OceanaGold Corp."
OCS.UN,"OCP Credit Stgy Un"
OSL.UN,"OCP Senior Credit Un"
OSF.UN,"Oil Sands Sector Un"
OLY,"Olympia Fin Group"
ONC,"Oncolytics Biotech"
ONC.WT,"Oncolytic Biotech Wt"
ONEX,"Onex Corporation SV"
OTEX,"Open Text Corp"
OPS,"Opsens Inc. J"
OGD,"Orbit Garant Drill"
ORL,"Orocobre Ltd. Ord J"
OMI,"Orosur Mining Inc."
ORV,"Orvana Minerals J"
OXC,"Oryx Pete Corp. J"
OR,"Osisko Gld Royalty"
OR.WT,"Osisko Gold Rlty Wt"
OR.WT.A,"Osisko Gld Rlty Wt A"
OSK,"Osisko Mining Inc. J"
OSK.WT,"Osisko Mining J Wt"
PXX,"BlackPearl Res Inc J"
PFT.UN,"Cdn Preferred Shr Un"
PBY.UN,"Canso Credit A Un"
PATH,"CounterPath Corp. J"
PMTS,"CPI Card Group Inc."
PCF.U,"Energy Credit Opp U"
PCF.UN,"Energy Credit Opp A"
PFU.UN,"Invest GradeMngDur T"
PJC.A,"Jean Coutu Group SV"
PFD.U,"Ltd DuratnInvstGrdUS"
PFD.UN,"Ltd DuratnInvstGrd"
PR,"Lysander-SlatrPrActv"
PDL,"N.A. Palladium Ltd."
PONY,"Painted Pony Engy J"
PAAS,"Pan American Silver"
POU,"Paramount Res Cl A"
PXT,"Parex Resources J"
PLC,"Park Lawn Corp."
PKI,"Parkland Fuel Corp."
PAR.DB.B,"Partners REIT 5.5 Db"
PAR.UN,"Partners REIT Un"
PVS.PR.B,"Partners Val AA Pr 3"
PVS.PR.C,"Partners Val AA Pr 5"
PVS.PR.D,"Partners Val AA Pr 6"
PVS.PR.E,"Partners Val AA Pr 7"
PVS.PR.F,"Partners Val AA Pr 8"
PSI,"Pason Systems Inc."
PCD.UN,"Pathfinder Income Un"
PEGI,"Pattern Energy Grp A"
PPL,"Pembina Pipeline"
PPL.DB.F,"Pembina Pipe5.75Db F"
PPL.PR.A,"Pembina Pipe Sr 1 Pr"
PPL.PR.C,"Pembina Pipe Sr 3 Pr"
PPL.PR.E,"Pembina Pipe Sr 5 Pr"
PPL.PR.G,"Pembina Pipe Sr 7 Pr"
PPL.PR.I,"Pembina Pipe Sr 9 Pr"
PPL.PR.K,"Pembina Pipe Pr 11"
PPL.PR.M,"Pembina Pipe Pr 13"
PPL.PR.O,"Pembina Pipe Pr 15"
PPL.PR.Q,"Pembina Pipe Pr 17"
PPL.PR.S,"Pembina Pipe Pr 19"
PGF,"Pengrowth Energy "
PGD,"Peregrine Diamonds J"
PMT,"Perpetual Energy Inc"
PRU,"Perseus Mining Ord J"
PGLC,"Pershing Gold Corp J"
PRQ,"Petrus Resources J"
PEY,"Peyto Expl & Dev "
PFB,"PFB Corporation"
PHX,"PHX Energy Services"
PMB.UN,"Picton Mahoney A Un"
PGI.UN,"PIMCO Gbl IncmOpp Un"
IGCF,"PIMCO InvGrdCreditCA"
PMIF,"PIMCO MthlyIncmETFUn"
PNE,"Pine Cliff Energy J"
PRF.UN,"PineBrdge InvGrd Sec"
PNP,"Pinetree Capital J"
PTG,"Pivot Tech Solutn J"
PZA,"Pizza Pizza Royalty"
PTM,"Platinum Grp Metal J"
PLZ.DB.D,"Plaza RetailTr5.75Db"
PLZ.UN,"Plaza Retail REIT Un"
PTS,"Points Int'l Ltd. J"
PIF,"Polaris Infras J"
PLS,"Polaris Materials J"
PBL,"Pollard Banknote Ltd"
POM,"Polymet Mining J"
PAY,"Posera Ltd. J"
PNC.A,"Postmedia Ntwrk C J"
PNC.B,"Postmedia Ntwrk VV J"
POT,"Potash Corp of Sask"
PRK,"Potash Ridge Corp. J"
POW,"Power Corp of Cda SV"
POW.PR.A,"Power Corp 5.6% Pr A"
POW.PR.B,"Power Corp 5.35% Pr"
POW.PR.C,"Power Corp 5.80% Pr"
POW.PR.D,"Power Corp 5.00% Pr"
POW.PR.E,"Power Corp Part. Pr"
POW.PR.F,"Power Corp Sr861stPr"
POW.PR.G,"Power Corp 5.6% Pr G"
PWF,"Power Financial Corp"
PWF.PR.A,"Power Financial Pr A"
PWF.PR.E,"Power Financial Pr D"
PWF.PR.F,"Power Fin 5.25% Pr E"
PWF.PR.G,"Power Fin 5.90% Pr F"
PWF.PR.H,"Power Fin 5.75% Pr H"
PWF.PR.I,"Power Fin 6% Pr I"
PWF.PR.K,"Power Fin 4.95% Pr K"
PWF.PR.L,"Power Fin 5.10% Pr L"
PWF.PR.O,"Power Fin 5.80% Pr O"
PWF.PR.P,"Power Fin 4.40% Pr P"
PWF.PR.Q,"Power Financial Pr Q"
PWF.PR.R,"Power Fin 5.50% Pr R"
PWF.PR.S,"Power Fin 4.80% Pr S"
PWF.PR.T,"Power Fin 4.20% Pr T"
PWF.PR.Z,"Power Fin 5.15% Pr V"
PFL,"PwrShr 1-3Yr LadFltg"
PSB,"PwrShares CorpBnd Un"
PDC,"PwrShares Cdn Div Un"
PPS,"PwrShares Cdn Pr Un"
PXC,"PwrShr FTSE RAFI Cdn"
PZC,"PwrShrFTSE CA Sml-Md"
PZW,"PwrShr FTSERAF GlbCA"
PZW.U,"PwrShr FTSERAF GlbUS"
PXG,"PwrShrFTSE Glb+Fndmn"
PXG.U,"PwrShrFTSE Glb+FndUS"
PXU.F,"PwrShrFTSE US CA$Heg"
PXS,"PwrShrFTSE USFnd2 CA"
PXS.U,"PwrShrFTSE Fndmnt2US"
PFH.F,"PwrShr CorpBndCA$Heg"
PSY,"PwrShr Glb ShrhldrCA"
PSY.U,"PwrShr Glb ShrhldrUS"
USB,"PwrShr LddrRtUS0-5Yr"
USB.U,"PwrShr LddrRtO-5YrUS"
PLV,"PwrShr LowVolPortfl"
QQC.F,"PowrShares QQQ CA$Hg"
ULV.C,"PwrShr500 LowVol CA"
ULV.F,"PwrShr500 LowVolCAHg"
ULV.U,"PwrShr500 LowVol USF"
ELV,"PwrShr S&P EmrgMkts"
ILV,"PwrShr S&PIntl LwVol"
TLV,"PowrShr LowVltlty Un"
REIT,"PowerShr REIT IncmCA"
BKL.C,"PowerShare SnrLoanCA"
BKL.F,"PwrShr SrLoan CAheg)"
BKL.U,"PowerShare SnrLoanUS"
PTB,"Powershr TactBond Un"
PGL,"PwrShr Ultr LiqLTGvt"
PPR,"Prairie Provident J"
PPR.WT,"Prairie Provdnt Wt J"
PSK,"PrairieSky Royalty"
MMP.UN,"Precious Mtl&Mine Un"
PD,"Precision Drill Corp"
PG,"Premier Gold Mines J"
PBH,"Premium Brands Hldgs"
PBH.DB.D,"Premium Brand 5% Deb"
PBH.DB.E,"Premium Brand 4.65Db"
PBH.DB.F,"Premium Brand 4.6 Db"
PIC.A,"Premium Income Cl A"
PIC.PR.A,"Premium Income Pr"
PVG,"Pretium Resources J"
PDV,"Prime Dividend Cl A "
PDV.PR.A,"Prime Dividend Pr"
P,"Primero Mining Corp."
P.DB.V,"Primero Mng 5.75USDb"
P.WT.C,"Primero Mining Wt"
PLI,"Prometic Life J"
PMN,"ProMIS Neurosci J"
PCY,"Prophecy Dev Corp. J"
PSD,"Pulse Seismic Inc."
AAR.UN,"Pure Industrial Un"
PUR,"Pure Tech Ltd. J"
PBI,"Purpose Best Ideas"
PBI.B,"Purpose Best NnCurHg"
BNC,"Purpose Cdn Fin Incm"
PRP,"Purpose Conserv Incm"
PDF,"Purpose Core Div Fnd"
PRA,"Purpose DiversRl Ast"
PHR,"Purpose Duratn HgREF"
PEU,"Purpose Enhnc US Eq"
PEU.B,"Purpose EnhncUSNnCur"
PSA,"Purpose High IntSvgs"
PID,"Purpose Intl Div Un"
PHW,"Purpose Intl TacHgEq"
PIN,"Purpose Monthly Incm"
PMM,"Purpose Mult-StgyNeu"
PYF,"Purpose Prem Yld ETF"
SBND,"Purpose SH DurTacBnd"
PHE,"Purpose Tact Hegd Eq"
PHE.B,"Purpose TacHg NN-Cur"
BND,"Purpose TacInvestBnd"
PBD,"Purpose Tot Ret Bond"
PSU.U,"Purpose US Cash USF"
PUD,"Purpose US DivETF Un"
PUD.B,"Purpose US Div NnCur"
PME,"Sentry Prime Metal A"
PHYS.U,"Sprott Phy Gld Un US"
PSLV.U,"Sprott Phy Silver US"
PUB.UN,"US Bnk Incm&Gro T Un"
QXM,"1stAsst MornstrNBkQC"
QQC.F,"PowrShares QQQ CA$Hg"
QCD,"QuantShr EnhCoreCAEq"
QEM,"QuantShr CoreEmrgMkt"
QIE,"QuantShr CoreIntl Eq"
QUS,"QuantShrs Core US Eq"
QGL,"QuantShr GlblEqtyRot"
QMA,"QuantShr MultAstAloc"
QMY,"QuantShr MultAstIncm"
QTRH,"Quarterhill Inc."
QBR.A,"Quebecor Inc Cl A MV"
QBR.B,"Quebecor Inc Cl B SV"
QEC,"Questerre Corp. J"
QCP,"Questrade FxdIncm+Un"
QGE,"Questrade GloblEq Un"
QRD,"QuestrdRs1000USCnsmr"
QRH,"Quest Rs1000USHealth"
QRI,"Quest Rs1000USIndust"
QRT,"Questr Rs1000US Tech"
QMG,"Questrade RusUS MdGr"
QMV,"Questrade RusUS MdVl"
QSR,"Restaurant Brnd Intl"
QSP.UN,"Restaurant BrndLP Un"
RGX,"Argex Titanium Inc J"
RBN.UN,"Blue Ribbon Incm Un"
RIGP.UN,"Cdn Invest GrdPref T"
REF.UN,"Cdn Real Estate Un"
RTU.UN,"Cdn Resources Tr Un"
RIT,"1st Asset CdnREIT Un"
RWC,"1st AstMSCI CdaLR Un"
RWE,"1stAst MSCI EurLR Un"
RWE.B,"1stAst EurLR Unhg Un"
RWX,"1st AstIntlLowRskWgt"
RWX.B,"1st AstIntlLwRskUnHg"
RWU,"1st Ast MSCI USA Un"
RWU.B,"1stAstMSCI USA Unheg"
RWW,"1st AstMSCI World Un"
RWW.B,"1st AstMSCI WrldUnhg"
RBP.UN,"June2021 Invst CL T "
RCO.UN,"Middlefld Can-Glb Un"
REIT,"PowerShr REIT IncmCA"
RRX,"Raging River Expl"
RAV.UN,"Ravensource Fund Un"
RLB,"RBC 1-5Yr LadCdn Bnd"
RBO,"RBC 1-5Yr LddCrp Bnd"
RMBO,"RBC 6-10Y CdnCorpBnd"
RBDI,"RBC BluBayGlbDvrCA-H"
RBNK,"RBC CdbBnk Yld Indx"
RPF,"RBC Cdn Pref CA Un"
RPSB,"RBC PH&N ST CA Bond"
RCD,"RBC QuantCdnDiv Lead"
RCE,"RBC Quant CdnEqLeadr"
RIDH,"RBC Qnt EAFE DivLead"
RID,"RBC QuantEAFE Div Un"
RID.U,"RBC QuantEAFE Div US"
RIEH,"RBC QntEAFE EQ CAHeg"
RIE,"RBC Quant EAFE Eqty"
RIE.U,"RBC QuantEAFE EqtyUS"
RXD,"RBC Quant EmrgMktDiv"
RXD.U,"RBC Quant EmrgMkt US"
RXE,"RBC QntEmrgMktEqLdr"
RXE.U,"RBC QntEmrMktEqLdrUS"
RPDH,"RBC Quant EUDivLdHeg"
RPD,"RBC Quant EU DivLdCA"
RPD.U,"RBC Quant EU DivLdUS"
RIG,"RBC QUANT GlbInfraCA"
RIG.U,"RBC QUANT GlbInfraUS"
RGRE,"RBC Quant GlbRlEstCA"
RGRE.U,"RBC Quant GlbRlEstUS"
RUDH,"RBC Quant US DivLead"
RUD,"RBC QntUS DivLead Un"
RUD.U,"RBC QntUS DivLeadUSD"
RUEH,"RBC QuantUSEqty(C-H)"
RUE,"RBC Quant USEqLdr Un"
RUE.U,"RBC Quant USEqLdr US"
RUSB,"RBC ST US CorpBndCAD"
RUSB.U,"RBC ST US CorpBndUSF"
RLD,"RBC Stratgc GlbDivLd"
RLE,"RBC Stratgc GlbEqLdr"
RQE,"RBC Target 17 CrpBnd"
RQF,"RBC Target 18 CrpBnd"
RQG,"RBC Target 19 CrpBnd"
RQH,"RBC Target 20 CrpBnd"
RQI,"RBC Target 21CorpBnd"
RQJ,"RBC Target22 CorpBnd"
RQK,"RBC Target23 CorpBnd"
RAI.UN,"Real AstIncmGro A Un"
REAL,"Real Matters Inc."
R,"Red Eagle Mng Corp J"
R.WT,"Red Eagle Mng J Wt"
RDK,"Redhawk Resources J"
RKN,"Redknee Solutn J SV"
RDL,"Redline Commun Grp J"
IDR.UN,"REIT INDEXPLUS Tr Un"
RET,"Reitman's Canada"
RET.A,"Reitman's Cda A NV"
RFP,"Resolute Forest Prod"
QSR,"Restaurant Brnd Intl"
QSP.UN,"Restaurant BrndLP Un"
RVX,"Resverlogix Corp. J"
RVX.WT,"Resverlogix J Wt"
RPI.UN,"Richards Pckng Un"
RCH,"Richelieu Hardware"
RIC,"Richmont Mines"
RIB.UN,"Ridgewood Cdn Bnd Un"
RN,"Rio Novo Gold Ord J"
REI.UN,"RioCan Rl Est Tr Un"
RBA,"Ritchie Bros Auction"
RMP,"RMP Energy Inc. J"
RME,"Rocky Mtn Dealership"
RCI.A,"Rogers Comm Cl A"
RCI.B,"Rogers Comm Cl B NV"
RSI,"Rogers Sugar Inc."
RSI.DB.D,"Rogers Sugar 5.75Db5"
RSI.DB.E,"Rogers Sugar 5% Db 6"
ROXG,"Roxgold Inc. J"
RY,"Royal Bank of Canada"
RY.PR.A,"Royal Bank Pr Ser AA"
RY.PR.C,"Royal Bank Pr Ser AC"
RY.PR.D,"Royal Bank Pr Ser AD"
RY.PR.E,"Royal Bank Pr Ser AE"
RY.PR.F,"Royal Bank Pr Ser AF"
RY.PR.G,"Royal Bank Pr Ser AG"
RY.PR.H,"Royal Bank Pr Ser BB"
RY.PR.I,"Royal Bank Pr Ser AJ"
RY.PR.J,"Royal Bank Pr Ser BD"
RY.PR.K,"Royal Bank Pr Ser AK"
RY.PR.L,"Royal Bank Pr Ser AL"
RY.PR.M,"Royal Bank Pr Ser BF"
RY.PR.N,"Royal Bank Pr Ser BH"
RY.PR.O,"Royal Bank Pr Ser BI"
RY.PR.P,"Royal Bank Pr Ser BJ"
RY.PR.Q,"Royal Bank Pr Ser BK"
RY.PR.R,"Royal Bank Pr Ser BM"
RY.PR.W,"Royal Bank Pr Ser W"
RY.PR.Z,"Royal Bank Pr Ser AZ"
MNT,"Ry Cdn Mint-Gold ETR"
MNT.U,"Ry Cdn Mint-Gold USF"
MNS,"Ry Cdn Mint-Sil ETR"
MNS.U,"Ry Cdn Mint-Sil USF"
RNX,"Royal Nickel Corp. J"
RTG,"RTG Mining Inc Ord J"
RMX,"Rubicon Minerals J"
RUS,"Russel Metals Inc."
RAY.A,"Stingray Digit SV"
RAY.B,"Stingray Dgt Vary SV"
RNW,"TransAlta Renewable"
STPL,"BMO Glbl Consmr Stpl"
SBC,"Brompton Splt Banc A"
SBC.PR.A,"Brompton Splt Bnc Pr"
SCW.UN,"Canso Slct Oppor Un"
SID,"1st Ast US TrndLeadr"
SVR,"iShr Sil Bul Hdgd Un"
SVR.C,"iShr Sil Bul Nn-Hdgd"
SFD,"NXT Energy Solutn J"
SFD.RT,"NXT EnergySoltn Rt J"
SBND,"Purpose SH DurTacBnd"
SBN,"S Split Corp Cl A"
SBN.PR.A,"S Split Corp. Pr"
SBB,"Sabina Gld & Slvr J"
SSL,"Sandstorm Gold Ltd."
SSL.WT,"Sandstorm Gold Wt "
SAP,"Saputo Inc."
SIS,"Savaria Corp. J"
SCY,"Scandium Int'l Mng J"
SIN.UN,"SCITI Trust Trans Un"
SEA,"Seabridge Gold Inc J"
SCU,"Second Cup Ltd. The"
SES,"Secure Energy Serv J"
SMF,"SEMAFO Inc. J"
FRL.UN,"Sr Secured FltgLn Un"
PME,"Sentry Prime Metal A"
SEC,"Senvest Capital Inc"
SBI,"Serabi Gld plc Ord J"
SEN,"Serinus Energy J"
VII,"Seven Generations A"
SJR.B,"Shaw Comm Cl B NV"
SJR.PR.A,"Shaw Comm Cl 2 Pr A"
SJR.PR.B,"Shaw Comm Cl 2 Pr B "
SCL,"ShawCor Ltd."
S,"Sherritt Int'l Corp"
SHOP,"Shopify Inc A SV"
SGF,"Shore Gold Inc. J"
SIA,"Sienna Senior Living"
SIA.DB,"Sienna Sr Living Deb"
SMT,"Sierra Metals Inc. J"
SW,"Sierra Wireless"
SBR,"Silver Bear ResJ Ord"
SVB,"Silver Bull Res J"
SBT,"Silver Bln ETFCurHeg"
SBT.B,"Silver BullnC$NCurHG"
SBT.U,"Silver Bulln US$NCur"
SVM,"Silvercorp Metals J"
SRV.UN,"SIR Royalty Incm Un"
SKG.UN,"Skylon Growth Tr Un"
SOT.UN,"Slate Office REIT Un"
SRT.U,"Slate Retail Cl U Un"
SRT.UN,"Slate Retail CAD Un"
ZZZ,"Sleep Cntry Cda Hldg"
SRU.DB.A,"Smart REIT 5.45% Deb"
SRU.DB.B,"Smart REIT 5.50% Deb"
SRU.UN,"Smart REIT Tr VV Un"
SNC,"SNC - Lavalin Group"
SOLG,"SolGold plc J Ord"
SLR,"Solitario Zinc J"
SUM,"Solium Capital Inc J"
SHLE,"Source Energy Serv J"
SGQ,"SouthGobi Res Ltd J"
SPE,"Spartan Engy Corp J"
SEV,"Spectra7 Microsys J"
EDT,"Spectral Medical Inc"
SHA,"Sphere AsiaSustYldUn"
SHC,"Sphere FTSE CdaUnheg"
SHZ,"Sphere FTSEmrgMktSus"
SHE,"Spher EuroSustYldUn"
SHU,"Sphere US Sustn Heg"
TOY,"Spin Master Corp SV"
NRGY.UN,"Sprott Engy OppTr Un"
SII,"Sprott Inc."
PHYS.U,"Sprott Phy Gld Un US"
SPPP.U,"Sprott PhyPlat US Un"
PSLV.U,"Sprott Phy Silver US"
SRHI,"Sprott Res Holdgs "
SRHI.WT,"Sprott Res Holdgs Wt"
SSRM,"SSR Mining Inc."
SAU,"St. Augustine Gld J"
STN,"Stantec Inc."
SAM,"Starcore Intl Mine J"
SJ,"Stella-Jones Inc."
STEP,"STEP Energy Serv J"
RAY.A,"Stingray Digit SV"
RAY.B,"Stingray Dgt Vary SV"
SRX,"Storm Res Ltd. J"
SWY,"Stornoway Diamond J"
SWY.DB.U,"Stornoway Dia USDb J"
SDY,"Strad Energy Serv J"
SCB,"Street Capital Group"
SQP,"Strongco Corporation"
SOX,"Stuart Olson Inc."
SOX.DB.A,"Stuart Olsn 12/19 Db"
STB,"Student Transport"
STB.DB.A,"Student Trans 5.25Db"
STB.DB.C,"Student Trans 6.25Db"
SMC,"Sulliden Mng Cap J"
SMU.UN,"Summit Ind REIT Un J"
SLF,"Sun Life Fin Inc."
SLF.PR.A,"Sun Life Fin Pr A"
SLF.PR.B,"Sun Life Fin Ser2 Pr"
SLF.PR.C,"Sun Life Fin Ser3 Pr"
SLF.PR.D,"Sun Life Fin Ser4 Pr"
SLF.PR.E,"Sun Life Fin Ser5 Pr"
SLF.PR.G,"Sun Life Fin Sr8R Pr"
SLF.PR.H,"Sun Life Fin 10R Pr"
SLF.PR.I,"Sun Life Fin 12R Pr"
SLF.PR.J,"Sun Life Fin 9QR Pr"
SLF.PR.K,"Sun Life Fin 11QR Pr"
SU,"Suncor Energy Inc."
SOY,"SunOpta, Inc."
SWH,"Sunwah Int'l Ltd."
SPB,"Superior Plus Corp."
SPB.DB.H,"Superior+ 6/30/19 Db"
SXP,"Supremex Inc."
SGY,"Surge Energy Inc. J"
SSF.UN,"Symphony FltgLoan Un"
SXI,"Synex Internt'l J"
TSGI,"Stars Group Inc. J"
TIME,"EvolveActShDurBndHeg"
TIME.B,"EvolveActShDurBndUnh"
TXF,"1stAstTech Giants Un"
TXF.B,"1stAstTechGiant UnHG"
TPX.A,"MolsonCoors Cda A LV"
TPX.B,"MolsonCoors Cda B NV"
TLV,"PowrShr LowVltlty Un"
TOY,"Spin Master Corp SV"
TAO,"TAG Oil Ltd. J"
TAO.WT,"TAG Oil Ltd. J Wt"
THO,"Tahoe Resources J"
TBL,"Taiga Building Prod"
TBL.NT,"Taiga Building Nt"
TLO,"Talon Metals Corp. J"
TVE,"Tamarack Vall Engy J"
TNX,"Tanzanian Royalty  J"
TKO,"Taseko Mines Ltd."
TOF.UN,"Taylor NthAmerOpp Un"
TDB,"TD Cdn Aggregate Bnd"
THE,"TD Int'l Eqty CA Heg"
TPE,"TD Int'l Eqty Idx Un"
THU,"TD S&P500 CAD HegIdx"
TPU,"TD S&P 500 Index Un"
TTP,"TD S&P/TSX CapCompo"
XTD,"TDb Split Cl A"
XTD.PR.A,"TDb Split Prior Eqty"
TLB,"TearLab Corp. J"
HTA,"Tech AchievGrowIncmA"
HTA.U,"Tech AchievGrow USF"
TLF.UN,"Tech Leaders Incm Un"
TECK.A,"Teck Res Cl A MV"
TECK.B,"Teck Res Cl B SV"
TCS,"TECSYS Inc. J"
TEL,"Tellza Commun Inc. J"
T,"TELUS Corporation"
TMB,"Tembec Inc."
TPH,"Temple Hotels Inc."
TPH.DB.E,"Temple Hotl 7.25% Db"
TPH.DB.F,"Temple Hotels 7% Deb"
TPK,"Ten Peaks Coffee "
TGO,"TeraGo Inc."
TGZ,"Teranga Gold Corp. J"
TVK,"TerraVest Capital"
TVK.DB,"TerraVest Cap 7% Deb"
TPL,"Tethys Petroleum J"
TFII,"TFI International "
EML.PR.A,"Empire Life Ins Pr 1"
ITX,"Intertain Grp Exch J"
ITX.DB,"Intertain Grp 5%Db J"
NWC,"NW Company VarV&ComV"
TSGI,"Stars Group Inc. J"
TH,"Theratechnologies"
TRI,"Thomson Reuters Corp"
TRI.PR.B,"Thomson Reuter Pr II"
TF,"Timbercreek Fin Corp"
TF.DB,"Timbercrk Fin 6.35Db"
TF.DB.A,"Timbercrk Fin 5.4 Db"
TF.DB.B,"Timbercrk Fin 5.45Db"
TF.DB.C,"Timbercrk Fin 5.3 Db"
TGF.UN,"Timbercreek Globe Un"
TMD,"Titan Medical Inc. J"
TMD.WT.C,"Titan Med Mar18 Wt J"
TMD.WT.F,"Titan Medical F Wt J"
TMD.WT.G,"Titan Medical G Wt J"
TMD.WT.H,"Titan Medical H Wt J"
TMD.WT.I,"Titan Medical I Wt J"
TI,"Titan Mining Corp J"
TMR,"TMAC Resources Inc J"
X,"TMX Group Limited"
TCT.UN,"Top 10 Cdn Fin Tr Un"
TXT.PR.A,"Top 10 Split Tr Pr"
TXT.UN,"Top 10 Split Tr Un"
TTE.UN,"Top 20 Europe Div Un"
TUT.UN,"Top 20 U.S. Div A Un"
TOG,"TORC Oil & Gas Ltd."
TXG,"Torex Gold Res J"
TIH,"Toromont Industries"
TD,"T.D. Bank"
TD.PF.A,"T.D. Bank Ser 1 Pr"
TD.PF.B,"T.D. Bank Ser 3 Pr"
TD.PF.C,"T.D. Bank Ser 5 Pr"
TD.PF.D,"T.D. Bank Ser 7 Pr"
TD.PF.E,"T.D. Bank Ser 9 Pr"
TD.PF.F,"T.D. Bank Ser 11 Pr"
TD.PF.G,"T.D. Bank Ser 12 Pr"
TD.PF.H,"T.D. Bank Ser 14 Pr"
TD.PF.I,"T.D. Bank Ser 16 Pr"
TD.PR.S,"T.D. Bank Ser S Pr "
TD.PR.T,"T.D. Bank Ser T Pr"
TD.PR.Y,"T.D. Bank Ser Y Pr "
TD.PR.Z,"T.D. Bank Ser Z Pr"
TS.B,"Torstar Cl B NV"
TEI,"Toscana Energy J"
TEI.DB,"Toscana Energy Deb J"
TOT,"Total Engy Serv Inc."
TXP,"Touchstone Expl Inc."
TOU,"Tourmaline Oil Corp."
TA,"TransAlta Corp."
TA.PR.D,"TransAlta Ser A Pr"
TA.PR.E,"TransAlta Ser B Pr"
TA.PR.F,"TransAlta Ser C Pr"
TA.PR.H,"TransAlta Ser E Pr "
TA.PR.J,"TransAlta Ser G Pr"
RNW,"TransAlta Renewable"
TRZ,"Transat A.T. V & VV"
TNP,"TransAtlantic Pete J"
TRP,"TransCan Corporation"
TRP.PR.A,"TransCan Corp Pr 1"
TRP.PR.B,"TransCan Corp Pr 3 "
TRP.PR.C,"TransCan Corp Pr 5"
TRP.PR.D,"TransCan Corp Pr 7"
TRP.PR.E,"TransCan Corp Pr 9"
TRP.PR.F,"TransCan Corp Pr 2"
TRP.PR.G,"TransCan Corp Pr 11"
TRP.PR.H,"TransCan Corp Pr 4"
TRP.PR.I,"TransCan Corp Pr 6"
TRP.PR.J,"TransCan Corp Pr 13"
TRP.PR.K,"TransCan Corp Pr 15"
TCL.A,"Transcontinentl A SV"
TCL.B,"Transcontinentl B MV"
TGL,"TransGlobe Energy J"
TML,"Treasury Metals J"
TSL,"Tree Island Steel"
TV,"Trevali Mining J"
TZZ,"Trez Cap Mtg Invst A"
TZS,"Trez CapSnrMtg Inv A"
TCW,"Trican Well Service"
TCN,"Tricon Capital Group"
TCN.DB.A,"Tricon Cap 5.6% Deb"
TCN.DB.U,"Tricon Cap 5.75Db US"
TRIL,"Trillium Therpeutc J"
TRL,"Trilogy Intl PartnrJ"
TRL.WT,"Trilogy Int'l Wt J"
TMQ,"Trilogy Metals Inc J"
TMI,"TriMetals Mining J"
TMI.B,"TriMetals Mng B NV J"
TDG,"Trinidad Drilling"
TSU,"Trisura Group J"
TNT.UN,"True NthCommercl JUn"
TOS,"TSO3 Inc. J"
TC,"Tucows Inc."
TRQ,"Turquoise Hill Res "
TVA.B,"TVA Group Inc. B NV"
TWC,"TWC Enterprises Ltd."
USA,"Americas Silver J"
UDA.UN,"Caldwell US Div Un"
UTE.UN,"Cdn Util & Tel FndUn"
UFS,"Domtar Corporation"
UCD.UN,"1stAst MornUS Consmr"
UXM,"1stAstUS Div50 Un"
UXM.B,"1stAstUS Dv50 UnhgUn"
USB,"PwrShr LddrRtUS0-5Yr"
USB.U,"PwrShr LddrRtO-5YrUS"
ULV.C,"PwrShr500 LowVol CA"
ULV.F,"PwrShr500 LowVolCAHg"
ULV.U,"PwrShr500 LowVol USF"
PUB.UN,"US Bnk Incm&Gro T Un"
USF.UN,"US Financl Incm A Un"
GOGO,"US GLB GOLD&PrecMetl"
USH.UN,"US Housing Recovr Un"
UWE,"U3O8 Corp. J"
UEX,"UEX Corporation J"
UNS,"Uni-Select Inc."
UNG.PR.C,"Union Gas 5 1/2% Pr"
UNG.PR.D,"Union Gas 6% B Pr"
UNC,"United Corporations"
UNC.PR.A,"United Corp 1st Pr"
UNC.PR.B,"United Corp Pr 59"
UNC.PR.C,"United Corp Pr 63"
URE,"Ur-Energy Inc. J"
U,"Uranium Participate"
URB,"Urbana Corporation"
URB.A,"Urbana Corp. Cl A NV"
UR,"UrtheCast Corp. J"
HUL,"US Eqty+ Incm A Un"
HUL.U,"US Eqty+ Incm US Un"
FTU,"US Financial 15 Cl A"
FTU.PR.B,"US Financial15 Pr 12"
UTC.C,"Utility Corp Cl 'C'"
UMI,"WisdomTreeUS MdDivHg"
UMI.B,"WisdomTreeUS DivNnHg"
VNP,"5N Plus Inc."
VNP.DB,"5N Plus Inc 5.75% Db"
VXM,"1stAsst MrnIntlValUn"
VXM.B,"1stAst IntlValUnhgUn"
VIP.UN,"LOGiQ VIP Incm Un"
VII,"Seven Generations A"
VRX,"Valeant Pharm Int'l"
VNR,"Valener Inc."
VNR.PR.A,"Valener Inc. Sr A Pr"
VLE,"Valeura Energy Inc J"
VAB,"Vanguard Cdn Agr Bnd"
VCB,"Vanguard Cdn CorpBnd"
VGV,"Vanguard CdnGvt Bond"
VLB,"Vangrd CdnLT GvtBond"
VSB,"Vanguard Cdn S-T Bnd"
VSC,"Vanguard S-T CrpBond"
VSG,"Vangrd CdnST GvtBond"
VCN,"Vanguard CdaAllCapUn"
VCE,"Vanguard FTSE CdaIdx"
VRE,"Vanguard FTSECdnREIT"
VDY,"Vanguard FTSE DivYld"
VIU,"Vanguard exNA Idx Un"
VI,"Vanguard exNA CA-Heg"
VDU,"Vangrd FTSE Dev exUS"
VEF,"Vangrd Dev US CA-heg"
VA,"Vanguard Dev AsiaPac"
VAH,"Vanguard FTSEDevAsia"
VE,"Vanguard FTSE Dev EU"
VEH,"Vanguard FTSE DevEU"
VEE,"Vanguard FTSEEmrgMkt"
VXC,"Vanguard FTSEGlobeCA"
VBG,"Vanguard GlbxUS Aggr"
VLQ,"Vanguard GlbLiqFactr"
VVO,"Vanguard GlbMinVoltl"
VMO,"Vanguard GlbMomntFac"
VVL,"Vanguard GlbValFactr"
VFV,"Vanguard S&P500 Indx"
VSP,"Vanguard S&P500 C-Hg"
VBU,"Vanguard USAggre Bnd"
VGG,"Vanguard US DivAppr"
VGH,"Vanguard USDivCad-hg"
VUN,"Vanguard US MktIdxUn"
VUS,"Vanguard US TotMktUn"
VBV,"VBI Vaccines Inc. J"
VCM,"Vecima Networks Inc."
VLN,"Velan Inc. SV"
NPK,"Verde Agritech Plc J"
VET,"Vermilion Energy Inc"
VB,"VersaBank J"
VB.PR.A,"VersaBank Pr 1 J"
VB.PR.B,"VersaBank Pr 3 J"
VFF,"Village Farms Int'l"
VGZ,"Vista Gold Corp"
IFL.UN,"Voya DivrFltgLoan Un"
ISL.U,"Voya FltgRt Sr US Un"
ISL.UN,"Voya FltgRte Sr A Un"
WEED,"Canopy Grwth Corp J"
WXM,"1stAsst MornMomnt Un"
WN,"Weston George"
WN.PR.A,"Weston George 1 Pr"
WN.PR.C,"Weston George III Pr"
WN.PR.D,"Weston George IV Pr"
WN.PR.E,"Weston George V Pr"
WJX,"Wajax Corporation"
WFC,"Wall Financial Corp"
WM,"Wallbridge Mng Co J"
WCN,"Waste Connections"
WG,"Wellgreen Platinum J"
WDO,"Wesdome Gold Mines"
WFT,"West Fraser Timber"
W.PR.H,"Westcoast Engy 5.50%"
W.PR.J,"Westcoast Engy 5.60%"
W.PR.K,"Westcoast Engy Pr 10"
W.PR.M,"Westcoast Engy Pr 12"
WRN,"Wstrn Copper & Gld J"
WRG,"Western Energy Serv"
WEF,"Western Forest Prod"
WRX,"Western Resources J"
WEQ,"WesternOne Inc."
WEQ.DB,"WesternOne 6.25% Deb"
WJA,"WestJet Airline VV&V"
WPRT,"Westport Fuel Sys"
WTE,"Westshore Terminals"
WPM,"Wheaton Precious Mtl"
WCP,"Whitecap Resources J"
WCM.A,"Wilmington Cap A NV"
WCM.B,"Wilmington Cap B"
WPK,"Winpak Limited"
DGRC,"WisdomTreeCA QualDiv"
EMV.B,"WisdomTreeEmrgMktDiv"
EHE,"WisdomTree EU HEG Eq"
EHE.B,"WisdomTreeEU Eq N-Hg"
IQD,"WisdomTreeIntlDivHeg"
IQD.B,"WisdomTreeIntlDvNN-H"
DQI,"Wisdom3 IntlDivVarHg"
HID,"WisdomTree USHiDvHeg"
HID.B,"WisdomTreeUSHiDvNNHG"
UMI,"WisdomTreeUS MdDivHg"
UMI.B,"WisdomTreeUS DivNnHg"
DGR,"WisdomTree USDivHegd"
DGR.B,"WisdomTree USDvNN-HG"
DQD,"Wisdom3 USDivVaryHeg"
CAGG,"WisdomTreeCA BndNN-H"
CAGS,"WisdomTreeCA STBndNH"
WFS,"World Fin Split Cl A"
WFS.PR.A,"World Fin Split Pr"
WIR.U,"WPT Industrl REIT US"
WSP,"WSP Global Inc."
XCT,"exactEarth Ltd. J"
XTC,"Exco Technologies"
XXM,"1stAstMrnStrUSVal Un"
XXM.B,"1stAst MrnUS ValUnhg"
XAU,"GoldMoney Inc."
XCB,"iShares Cdn Corp Bnd"
XGB,"iShares Cdn Govt Bnd"
XCG,"iShares Cdn Growth"
XHB,"iShare Cdn HYBrd Bnd"
XRB,"iShare Cdn RlRet Bnd"
XDV,"iShares Cdn Slct Div"
XCV,"iShares Cdn Value Un"
XCH,"iShares China Index"
XSC,"iShr Consv ShStgyFxd"
XSE,"iShr Consv Stgy Incm"
XLB,"iShr CoreCdnLT BndUn"
XSB,"iShre Cdn Sh Trm Bnd"
XSH,"iShr CoreCdnShMplBnd"
XBB,"iShr Cdn Univers Bnd"
XAW,"iShr CoreMSCI AC Wex"
XDIV,"iShare CorMSCICdnDiv"
XEF,"iShr CorMSCIEAFE IMI"
XFH,"iShrCrMSCI EAFEIMIHG"
XEC,"iShr Core EmrgMktIMI"
XDG,"iShr CorMSCI GlblDiv"
XDGH,"iShr CorGlbDivCA-Heg"
XDU,"iShr CoreMSCI US Div"
XDUH,"iShrCorUS DivCADHg"
XUS,"iShares CoreSP500Idx"
XSP,"iShares Core S&P 500"
XUU,"iShr CorS&P US MktUn"
XUH,"iShre CoreS&P US Mkt"
XIC,"iShr CoreSP/TSX Comp"
XTR,"iShare Divrs Mo Incm"
XMV,"iShr MSCI MinVolCda"
XMI,"iShare MSCIMinVlEAFE"
XML,"iShr EgMinVlEAFE C-H"
XMM,"iShr MinVol EmrgMkt "
XMW,"iShr MSCI MinVolGlbl"
XMY,"iShr EgMinVolGlb C-H"
XMU,"iShr MSCI MinVol USA"
XMS,"iShr EgMinVl USA C-H"
XFC,"iShr MSCIMultfactrCA"
XFI,"iShr MSCIMultfacEAFE"
XFF,"iShr MSCI EAFE CA-HG"
XFS,"iShrMSCIMultiftr USA"
XFA,"iShrMSCIMultiUSA C-H"
XFR,"iShares Fltg Rate Un"
XHC,"iShare Glbl Hlthcare"
XQB,"iShare HighCdnBnd Un"
XQB.A,"iShare HighCdnBnd Ad"
XID,"iShares India Idx Un"
XEB,"iShr JP USD Emrg Mkt"
XEN,"iShare Jantzi Social"
XIN,"iShare MSCI EAFE Idx"
XEM,"iShare MSCI EmergMkt"
XEU,"iShr MSCI EU IMI Idx"
XEH,"iShr MSCI EU IMI CAD"
XWD,"iShare MSCI World Un"
XQQ,"iShare NASDAQ 100 Un"
XCD,"iShare S&P CnsmrDscr"
XGI,"iShr SP Glbl Indstrl"
XMC,"iShr S&P US MidCapUn"
XMH,"iShr S&P USMdCpCADHG"
XIU,"iShares S&P/TSX60 Un"
XST,"iShares Consumr Stpl"
XEG,"iShares S&P/TSX Engy"
XFN,"iShares S&P/TSX Fins"
XIT,"iShares S&P/TSX Tech"
XMA,"iShare S&P/TSX Matrl"
XRE,"iShares S&P/TSX REIT"
XUT,"iShares S&P/TSX Util"
XMD,"iShr S&P/TSX Cmpletn"
XEI,"iShr S&P/TSX HiDivUn"
XBM,"iShr SP/TSXGblBseMtl"
XGD,"iShares S&P/TSX Gold"
XPF,"iShr S&PTSX NA PrStk"
XCS,"IShare SP/TSX SmlCap"
XSQ,"iShares ST CdnBnd Un"
XSI,"iShr ST StratgFxd Un"
XHU,"iShr US HiDiv EqtyUn"
XHD,"iShare US HighDiv Eq"
XHY,"iShares US HiYld Bnd"
XIG,"iShare US IG CorpBnd"
XSU,"iShares US Small Cap"
XMF.A,"M Split Corp. 14 Cap"
XMF.PR.B,"M Split Corp Cl 1 Pr"
XMF.PR.C,"M Split Corp 14-2 Pr"
XTD,"TDb Split Cl A"
XTD.PR.A,"TDb Split Prior Eqty"
X,"TMX Group Limited"
XTG,"Xtra-Gold Resource J"
XDC,"Xtreme Drilling J"
YCM,"Commerce Split Cap"
YCM.PR.A,"Commerce Split I Pr"
YCM.PR.B,"Commerce Split II Pr"
YXM,"1st Ast US Moment Un"
YXM.B,"1st AstUSMmntUnhegUn"
YRI,"Yamana Gold Inc."
YGR,"Yangarra Res Ltd."
YPG.DB,"Yellow Pages Dgtl Db"
Y,"Yellow Pages Limited"
Y.WT,"Yellow Pages Ltd. Wt"
YRB,"Yorbeau Resources J"
ZAG,"BMO AggregateBnd ETF"
ZDV,"BMO Cdn Dividend Un"
ZWC,"BMO Cdn HiDivCovCall"
ZCH,"BMO China Eq Idx ETF"
ZWB,"BMO Coverd CallCdnBk"
ZWA,"BMO DJ IndustAvg Un"
ZWU,"BMO CoverdUtility Un"
ZDB,"BMO Discount Bnd Un"
ZDJ,"BMO DJ IndAv Heg ETF"
ZEF,"BMO Em Mkt Bond HED"
ZEB,"BMO Eql Wgt Bank ETF"
ZMT,"BMO EqWgtGlbMtlHegCA"
ZGD,"BMO EqWght Glb Gold"
ZIN,"BMO EqWgtIndustrl Un"
ZEO,"BMO Eq WghtOil & Gas"
ZRE,"BMO Eql Wgt REITs Un"
ZUB,"BMO Eq Wgt US Banks"
ZBK,"BMO EqlWght US BkCAD"
ZUH,"BMO EqWgt US Health"
ZUT,"BMO Eql Wgt Util ETF"
ZWE,"BMO EU DivCovCal C-H"
ZFH,"BMO Fltg RtHi Yld Un"
ZGI,"BMO Gbl Infrastr ETF"
ZHY,"BMO HY US CrpHdg ETF"
ZJK,"BMO HiYldUS CorpBnd"
ZID,"BMO India Eq Idx ETF"
ZDI,"BMO Int'l Div CAD Un"
ZDH,"BMO Intl DivHg-CA Un"
ZJN,"BMO Junior Gas ETF"
ZJG,"BMO Junior Gold ETF"
ZJO,"BMO Junior Oil ETF"
ZPR,"BMO Laddered Pr Indx"
ZLC,"BMO Long Crp Bnd ETF"
ZFL,"BMO Lng Federal Bond"
ZPL,"BMO LngProvBndCad Un"
ZLB,"BMO Volatlty Cad Un"
ZLE,"BMO LwVoltyEqCAD Un"
ZLI,"BMO LowVolIntl Eq Un"
ZLD,"BMO LwVol IntlEq H-C"
ZLU,"BMO LwVltyUSEq CADUn"
ZLU.U,"BMO LwVltyUSEq US Un"
ZLH,"BMO LowVol US Eq H-C"
ZCM,"BMO Mid Crp Bond ETF"
ZFM,"BMO Mid Fed Bnd Indx"
ZMP,"BMO MidProvBnd CadUn"
ZMU,"BMO MidUS IG HegBnd"
ZIC,"BMO MidUSCrpBndCA Un"
ZIC.U,"BMO MidUS CrpBnd USF"
ZMI,"BMO Monthly Incm Un"
ZGQ,"BMO MSCI AllCntryWrl"
ZVC,"BMO MSCI CdaValue Un"
ZDM,"BMO MSCI EAFE HegCAD"
ZEA,"BMO MSCI EAFE Idx Un"
ZVI,"BMO MSCI EAFE Val Un"
ZEM,"BMO MSCI EmrgMkts Un"
ZEQ,"BMO MSCI EU HiQltyUn"
ZUQ,"BMO MSCI US HiQltyUn"
ZVU,"BMO MSCI USAValue Un"
ZQQ,"BMO Nasdaq EqHed ETF"
ZRR,"BMO Rl Return Bond"
ZUE,"BMO S&P 500 Hedg-CAD"
ZSP,"BMO S&P500 IdxCAD Un"
ZSP.U,"BMO S&P500 Idx US Un"
ZCN,"BMO S&P/TSX CompIndx"
ZEUS,"BMO Shiller Selct US"
ZCS,"BMO Shrt Crp Bnd ETF"
ZCS.L,"BMO Sh Corp BndAccum"
ZFS,"BMO Shrt Fed Bnd ETF"
ZFS.L,"BMO ShFedrlBnd Accum"
ZPS,"BMO Shrt Prv Bnd ETF"
ZPS.L,"BMO ShProv Bnd Accum"
ZSU,"BMO Sh-Trm US CrpBnd"
ZST,"BMO Ultra ShrtBnd Un"
ZST.L,"BMO UltraSh BndAccum"
ZDY,"BMO USDiv ETF CAD Un"
ZDY.U,"BMO USDiv ETF USD Un"
ZUD,"BMO USDiv Hdg-Cad Un"
ZWH,"BMO US HighDivCov Un"
ZWH.U,"BMO US HighDivCov US"
ZHP,"BMO US PrefShr Hg-CA"
ZUP,"BMO US PrefShr CA Un"
ZUP.U,"BMO US PrefShr USD"
ZPW,"BMO US Put Write CAD"
ZPW.U,"BMO US Put Write USD"
ZPH,"BMO US PutWrte Hg-CA"
ZXM,"1stAst MornIntlMomUn"
ZXM.B,"1stAst IntlMomUnhgUn"
ZZZ,"Sleep Cntry Cda Hldg"
ZAR,"Zargon Oil & Gas Ltd"
ZAR.DB.A,"Zargon Oil&Gas Deb"
ZCL,"ZCL Composites Inc"
ZYME,"Zymeworks Inc."
VNP,"5N Plus Inc."
VNP.DB,"5N Plus Inc 5.75% Db"
BXF,"1stAst 1-5GvtStBndUn"
FDV,"1st AsstActvCADiv Un"
FAO,"1st AsstActvCredt Un"
FAO.U,"1st AsstActvCredt US"
FAI,"1st AstActUtilInfrUn"
FCY,"1st AssetCambrgUS Eq"
FCY.B,"1st AssetCambrgUSUnh"
FCW,"1st AstCambrdgDv Heg"
FCW.B,"1st AstCambrdgDvUn-H"
OXF,"1stAsset EngyCall Un"
MXF,"1stAsset Material Un"
FBE,"1st Asset CA Buyback"
CXF,"1st Asset ConvBnd Un"
ADC.UN,"1st Asset CdnConv Un"
FDL,"1st AssetCA DivLwVlt"
RIT,"1st Asset CdnREIT Un"
CIC,"1st Ast CanBanc Incm"
CED,"1st AstCoreCdn Eq Un"
CES,"1st AstCoreUSEqtC$Un"
CES.B,"1st AstCoreUSEqC$U-H"
CES.U,"1st AstCoreUS$U-H Un"
DCD.UN,"1st Asset Divers Un"
NXF,"1stAstEngyGiantCovUn"
NXF.B,"1stAstEngyGiatUnhgUn"
FSB,"1st Ast EnhanceShBnd"
FSB.U,"1st AstEnhancShBndUS"
FHB,"1st Asset EuropeanUn"
FSF,"1stAst GlbFinSctr Un"
FIG,"1st Asset Inv Bnd Un"
FLB,"1st Asst LngDurFxdUn"
DXM,"1stAsst MornstrDiv30"
WXM,"1stAsst MornMomnt Un"
FXM,"1stAst MornCdaVal Un"
ZXM,"1stAst MornIntlMomUn"
ZXM.B,"1stAst IntlMomUnhgUn"
VXM,"1stAsst MrnIntlValUn"
VXM.B,"1stAst IntlValUnhgUn"
QXM,"1stAsst MornstrNBkQC"
UCD.UN,"1stAst MornUS Consmr"
UXM,"1stAstUS Div50 Un"
UXM.B,"1stAstUS Dv50 UnhgUn"
YXM,"1st Ast US Moment Un"
YXM.B,"1st AstUSMmntUnhegUn"
XXM,"1stAstMrnStrUSVal Un"
XXM.B,"1stAst MrnUS ValUnhg"
RWC,"1st AstMSCI CdaLR Un"
FQC,"1st AstMSCI Cda Qual"
RWE,"1stAst MSCI EurLR Un"
RWE.B,"1stAst EurLR Unhg Un"
RWX,"1st AstIntlLowRskWgt"
RWX.B,"1st AstIntlLwRskUnHg"
RWU,"1st Ast MSCI USA Un"
RWU.B,"1stAstMSCI USA Unheg"
RWW,"1st AstMSCI World Un"
RWW.B,"1st AstMSCI WrldUnhg"
NCD.UN,"1st AsstNA AdvanConv"
FPR,"1st Asst Pref Shr Un"
FGB,"1stAsst ST GovtBndCl"
TXF,"1stAstTech Giants Un"
TXF.B,"1stAstTechGiant UnHG"
FLI,"1st Ast US&CdaLifeco"
FBU,"1st Asset US Buyback"
FUM,"1st AssetUS EqMltFac"
FUT,"1st AssetUSTacSctrAl"
SID,"1st Ast US TrndLeadr"
FN,"First Nat'l Fin Corp"
FN.PR.A,"1st Natl Fin Sr 1 Pr"
FN.PR.B,"1st Natl Fin Sr 2 Pr"
FNM.UN,"1st Natl MtgInvst Un"
FDE,"1st Tr AlphEmrgMktUn"
FDE.A,"1st Tr AlphEmrgMktAd"
EUR,"1st TrAlphDEX EU Div"
EUR.A,"1st TrAlphDX EUDivAd"
FHD,"1stTr AlpDEX US Dscr"
FHC,"1stTr AlpDEX US Stpl"
FUD,"1st Tr AlphaUSDiv Un"
FUD.A,"1st Tr AlphaUSDivAdv"
FHE,"1stTrAlphDEX US Engy"
FHF,"1stTr AlphDEX US Fin"
FHH,"1stTr AlpDEX US Hlth"
FHG,"1stTr AlphDEX US Ind"
FHM,"1stTr AlpDEX US Mtrl"
FHQ,"1stTr AlpDEX US Tech"
FHU,"1stTr AlpDEX US Util"
FST,"1st Tr CdnCapStrngUn"
FST.A,"1st Tr CdnCapStrngAd"
FSR,"1st Tr DrsyWrgtUSRot"
ETP,"1st Tr Glb RskMngeUn"
ETP.A,"1st Tr Glb RskMngeAd"
FSL,"1st Tr SnrLoan Cad-H"
FSL.A,"1st Tr SnrLoanC-H Ad"
FSD,"1st Tr ShDurHiYld Un"
FSD.A,"1st Tr ShDurHiYld Ad"
FTB,"1st Tr TacticlBnd Un"
